<?xml version='1.0' encoding='UTF-8'?>
<gpx version="1.1" creator="https://www.komoot.de" xmlns="http://www.topografix.com/GPX/1/1" xmlns:xsi="http://www.w3.org/2001/XMLSchema-instance" xsi:schemaLocation="http://www.topografix.com/GPX/1/1 http://www.topografix.com/GPX/1/1/gpx.xsd">
  <metadata>
    <name>Megamarsch München 2026</name>
    <author>
      <link href="https://www.komoot.de">
        <text>komoot</text>
        <type>text/html</type>
      </link>
    </author>
  </metadata>
  <wpt lat="47.956210" lon="11.433790">
    <name>VPS1 Megamarsch München</name>
    <sym>Picnic Area</sym>
  </wpt>
  <wpt lat="47.850762" lon="11.338690">
    <name>Zwischenstation Megamarsch München</name>
    <sym>Picnic Area</sym>
  </wpt>
  <wpt lat="47.819879" lon="11.290166">
    <name>Verpflegungsstation 2 – Megamarsch München</name>
    <sym>Picnic Area</sym>
  </wpt>
  <wpt lat="47.733600" lon="11.226449">
    <name>VPS3 Megamarsch München</name>
    <sym>Picnic Area</sym>
  </wpt>
  <wpt lat="47.631191" lon="11.224063">
    <name>VPS4 Megamarsch München</name>
    <sym>Flag, Blue</sym>
  </wpt>
  <trk>
    <name>Megamarsch München 2026</name>
    <trkseg>
      <trkpt lat="48.090419" lon="11.577234">
        <ele>550.385972</ele>
        <time>2026-04-20T14:05:37.448Z</time>
      </trkpt>
      <trkpt lat="48.090080" lon="11.576322">
        <ele>550.385972</ele>
        <time>2026-04-20T14:06:47.663Z</time>
      </trkpt>
      <trkpt lat="48.089870" lon="11.575830">
        <ele>550.500863</ele>
        <time>2026-04-20T14:07:27.533Z</time>
      </trkpt>
      <trkpt lat="48.089802" lon="11.575640">
        <ele>550.588932</ele>
        <time>2026-04-20T14:07:42.228Z</time>
      </trkpt>
      <trkpt lat="48.089501" lon="11.574780">
        <ele>550.985617</ele>
        <time>2026-04-20T14:08:48.761Z</time>
      </trkpt>
      <trkpt lat="48.089362" lon="11.574494">
        <ele>551.130126</ele>
        <time>2026-04-20T14:09:13.167Z</time>
      </trkpt>
      <trkpt lat="48.089259" lon="11.574507">
        <ele>551.193351</ele>
        <time>2026-04-20T14:09:23.847Z</time>
      </trkpt>
      <trkpt lat="48.088614" lon="11.574404">
        <ele>551.480506</ele>
        <time>2026-04-20T14:10:30.182Z</time>
      </trkpt>
      <trkpt lat="48.088164" lon="11.574339">
        <ele>551.465524</ele>
        <time>2026-04-20T14:11:15.367Z</time>
      </trkpt>
      <trkpt lat="48.087123" lon="11.574232">
        <ele>551.430946</ele>
        <time>2026-04-20T14:13:00.240Z</time>
      </trkpt>
      <trkpt lat="48.085147" lon="11.574028">
        <ele>551.049182</ele>
        <time>2026-04-20T14:16:19.887Z</time>
      </trkpt>
      <trkpt lat="48.085029" lon="11.574172">
        <ele>551.156979</ele>
        <time>2026-04-20T14:16:35.260Z</time>
      </trkpt>
      <trkpt lat="48.082456" lon="11.573975">
        <ele>553.074945</ele>
        <time>2026-04-20T14:21:01.575Z</time>
      </trkpt>
      <trkpt lat="48.082336" lon="11.573815">
        <ele>553.204121</ele>
        <time>2026-04-20T14:21:18.000Z</time>
      </trkpt>
      <trkpt lat="48.081128" lon="11.572087">
        <ele>554.807221</ele>
        <time>2026-04-20T14:24:09.080Z</time>
      </trkpt>
      <trkpt lat="48.080591" lon="11.571352">
        <ele>555.579090</ele>
        <time>2026-04-20T14:25:25.835Z</time>
      </trkpt>
      <trkpt lat="48.080104" lon="11.570656">
        <ele>556.283298</ele>
        <time>2026-04-20T14:26:37.485Z</time>
      </trkpt>
      <trkpt lat="48.079629" lon="11.569978">
        <ele>556.968804</ele>
        <time>2026-04-20T14:27:45.501Z</time>
      </trkpt>
      <trkpt lat="48.079480" lon="11.569766">
        <ele>557.183512</ele>
        <time>2026-04-20T14:28:06.518Z</time>
      </trkpt>
      <trkpt lat="48.079528" lon="11.569631">
        <ele>557.290220</ele>
        <time>2026-04-20T14:28:16.882Z</time>
      </trkpt>
      <trkpt lat="48.079496" lon="11.569579">
        <ele>557.339550</ele>
        <time>2026-04-20T14:28:21.696Z</time>
      </trkpt>
      <trkpt lat="48.078505" lon="11.568162">
        <ele>558.482387</ele>
        <time>2026-04-20T14:30:40.592Z</time>
      </trkpt>
      <trkpt lat="48.078370" lon="11.568193">
        <ele>558.592120</ele>
        <time>2026-04-20T14:30:54.857Z</time>
      </trkpt>
      <trkpt lat="48.076781" lon="11.565924">
        <ele>561.339221</ele>
        <time>2026-04-20T14:34:47.856Z</time>
      </trkpt>
      <trkpt lat="48.075528" lon="11.564154">
        <ele>561.324785</ele>
        <time>2026-04-20T14:37:42.053Z</time>
      </trkpt>
      <trkpt lat="48.072800" lon="11.560270">
        <ele>563.360010</ele>
        <time>2026-04-20T14:44:09.134Z</time>
      </trkpt>
      <trkpt lat="48.071235" lon="11.558067">
        <ele>560.879386</ele>
        <time>2026-04-20T14:47:51.017Z</time>
      </trkpt>
      <trkpt lat="48.071163" lon="11.557640">
        <ele>560.632023</ele>
        <time>2026-04-20T14:48:21.263Z</time>
      </trkpt>
      <trkpt lat="48.071281" lon="11.557404">
        <ele>560.466459</ele>
        <time>2026-04-20T14:48:41.400Z</time>
      </trkpt>
      <trkpt lat="48.071711" lon="11.556846">
        <ele>559.988036</ele>
        <time>2026-04-20T14:49:39.135Z</time>
      </trkpt>
      <trkpt lat="48.072142" lon="11.556177">
        <ele>559.693983</ele>
        <time>2026-04-20T14:50:41.323Z</time>
      </trkpt>
      <trkpt lat="48.072697" lon="11.555190">
        <ele>559.731818</ele>
        <time>2026-04-20T14:52:08.316Z</time>
      </trkpt>
      <trkpt lat="48.072772" lon="11.554981">
        <ele>559.738776</ele>
        <time>2026-04-20T14:52:24.275Z</time>
      </trkpt>
      <trkpt lat="48.073013" lon="11.554593">
        <ele>559.754313</ele>
        <time>2026-04-20T14:52:59.727Z</time>
      </trkpt>
      <trkpt lat="48.073176" lon="11.554244">
        <ele>559.736786</ele>
        <time>2026-04-20T14:53:28.222Z</time>
      </trkpt>
      <trkpt lat="48.073588" lon="11.553703">
        <ele>559.621431</ele>
        <time>2026-04-20T14:54:23.337Z</time>
      </trkpt>
      <trkpt lat="48.073656" lon="11.553397">
        <ele>559.576082</ele>
        <time>2026-04-20T14:54:45.077Z</time>
      </trkpt>
      <trkpt lat="48.073823" lon="11.553230">
        <ele>559.533811</ele>
        <time>2026-04-20T14:55:05.324Z</time>
      </trkpt>
      <trkpt lat="48.074111" lon="11.552813">
        <ele>559.449474</ele>
        <time>2026-04-20T14:55:45.567Z</time>
      </trkpt>
      <trkpt lat="48.074389" lon="11.552412">
        <ele>559.406539</ele>
        <time>2026-04-20T14:56:24.476Z</time>
      </trkpt>
      <trkpt lat="48.074669" lon="11.551853">
        <ele>559.561657</ele>
        <time>2026-04-20T14:57:11.137Z</time>
      </trkpt>
      <trkpt lat="48.074854" lon="11.551669">
        <ele>559.635470</ele>
        <time>2026-04-20T14:57:33.493Z</time>
      </trkpt>
      <trkpt lat="48.075079" lon="11.551499">
        <ele>559.719224</ele>
        <time>2026-04-20T14:57:58.940Z</time>
      </trkpt>
      <trkpt lat="48.075897" lon="11.551042">
        <ele>560.074632</ele>
        <time>2026-04-20T14:59:28.199Z</time>
      </trkpt>
      <trkpt lat="48.076170" lon="11.550797">
        <ele>560.421778</ele>
        <time>2026-04-20T15:00:01.507Z</time>
      </trkpt>
      <trkpt lat="48.076250" lon="11.550721">
        <ele>560.525115</ele>
        <time>2026-04-20T15:00:11.318Z</time>
      </trkpt>
      <trkpt lat="48.076253" lon="11.550718">
        <ele>560.529050</ele>
        <time>2026-04-20T15:00:11.748Z</time>
      </trkpt>
      <trkpt lat="48.076630" lon="11.550327">
        <ele>561.029260</ele>
        <time>2026-04-20T15:00:59.383Z</time>
      </trkpt>
      <trkpt lat="48.076651" lon="11.550307">
        <ele>561.056405</ele>
        <time>2026-04-20T15:01:01.946Z</time>
      </trkpt>
      <trkpt lat="48.076726" lon="11.550253">
        <ele>561.147170</ele>
        <time>2026-04-20T15:01:10.764Z</time>
      </trkpt>
      <trkpt lat="48.076808" lon="11.550258">
        <ele>561.236671</ele>
        <time>2026-04-20T15:01:19.249Z</time>
      </trkpt>
      <trkpt lat="48.076833" lon="11.550138">
        <ele>561.328261</ele>
        <time>2026-04-20T15:01:28.051Z</time>
      </trkpt>
      <trkpt lat="48.076837" lon="11.550113">
        <ele>561.346992</ele>
        <time>2026-04-20T15:01:29.801Z</time>
      </trkpt>
      <trkpt lat="48.076849" lon="11.550056">
        <ele>561.390538</ele>
        <time>2026-04-20T15:01:33.973Z</time>
      </trkpt>
      <trkpt lat="48.076868" lon="11.549976">
        <ele>561.452403</ele>
        <time>2026-04-20T15:01:39.950Z</time>
      </trkpt>
      <trkpt lat="48.076687" lon="11.549890">
        <ele>561.659504</ele>
        <time>2026-04-20T15:01:59.857Z</time>
      </trkpt>
      <trkpt lat="48.076666" lon="11.549880">
        <ele>561.683537</ele>
        <time>2026-04-20T15:02:02.139Z</time>
      </trkpt>
      <trkpt lat="48.076501" lon="11.549800">
        <ele>561.872687</ele>
        <time>2026-04-20T15:02:20.365Z</time>
      </trkpt>
      <trkpt lat="48.076946" lon="11.547795">
        <ele>562.572825</ele>
        <time>2026-04-20T15:04:46.056Z</time>
      </trkpt>
      <trkpt lat="48.076953" lon="11.547758">
        <ele>562.584845</ele>
        <time>2026-04-20T15:04:48.647Z</time>
      </trkpt>
      <trkpt lat="48.076831" lon="11.547699">
        <ele>562.644826</ele>
        <time>2026-04-20T15:05:01.529Z</time>
      </trkpt>
      <trkpt lat="48.076710" lon="11.547641">
        <ele>562.704265</ele>
        <time>2026-04-20T15:05:14.285Z</time>
      </trkpt>
      <trkpt lat="48.076720" lon="11.547593">
        <ele>562.719981</ele>
        <time>2026-04-20T15:05:17.663Z</time>
      </trkpt>
      <trkpt lat="48.077027" lon="11.546088">
        <ele>561.684339</ele>
        <time>2026-04-20T15:07:05.474Z</time>
      </trkpt>
      <trkpt lat="48.077036" lon="11.546044">
        <ele>561.647398</ele>
        <time>2026-04-20T15:07:08.712Z</time>
      </trkpt>
      <trkpt lat="48.076936" lon="11.546005">
        <ele>561.523232</ele>
        <time>2026-04-20T15:07:19.486Z</time>
      </trkpt>
      <trkpt lat="48.076945" lon="11.545954">
        <ele>561.480886</ele>
        <time>2026-04-20T15:07:23.179Z</time>
      </trkpt>
      <trkpt lat="48.077245" lon="11.544211">
        <ele>559.745864</ele>
        <time>2026-04-20T15:09:27.086Z</time>
      </trkpt>
      <trkpt lat="48.076378" lon="11.543917">
        <ele>558.149585</ele>
        <time>2026-04-20T15:10:57.439Z</time>
      </trkpt>
      <trkpt lat="48.076054" lon="11.543810">
        <ele>557.553803</ele>
        <time>2026-04-20T15:11:32.161Z</time>
      </trkpt>
      <trkpt lat="48.075669" lon="11.543682">
        <ele>555.678084</ele>
        <time>2026-04-20T15:12:15.017Z</time>
      </trkpt>
      <trkpt lat="48.075634" lon="11.543575">
        <ele>555.230220</ele>
        <time>2026-04-20T15:12:23.897Z</time>
      </trkpt>
      <trkpt lat="48.075543" lon="11.543527">
        <ele>554.687345</ele>
        <time>2026-04-20T15:12:34.869Z</time>
      </trkpt>
      <trkpt lat="48.075454" lon="11.543129">
        <ele>553.109560</ele>
        <time>2026-04-20T15:13:06.820Z</time>
      </trkpt>
      <trkpt lat="48.075337" lon="11.542914">
        <ele>552.067144</ele>
        <time>2026-04-20T15:13:28.287Z</time>
      </trkpt>
      <trkpt lat="48.075282" lon="11.542673">
        <ele>551.109752</ele>
        <time>2026-04-20T15:13:48.078Z</time>
      </trkpt>
      <trkpt lat="48.075288" lon="11.542593">
        <ele>550.807116</ele>
        <time>2026-04-20T15:13:54.294Z</time>
      </trkpt>
      <trkpt lat="48.075235" lon="11.542503">
        <ele>550.356118</ele>
        <time>2026-04-20T15:14:03.492Z</time>
      </trkpt>
      <trkpt lat="48.075094" lon="11.542404">
        <ele>549.479825</ele>
        <time>2026-04-20T15:14:21.378Z</time>
      </trkpt>
      <trkpt lat="48.074964" lon="11.542355">
        <ele>548.725546</ele>
        <time>2026-04-20T15:14:36.727Z</time>
      </trkpt>
      <trkpt lat="48.074923" lon="11.542376">
        <ele>548.481726</ele>
        <time>2026-04-20T15:14:41.727Z</time>
      </trkpt>
      <trkpt lat="48.074856" lon="11.542521">
        <ele>547.818966</ele>
        <time>2026-04-20T15:14:55.033Z</time>
      </trkpt>
      <trkpt lat="48.074853" lon="11.542443">
        <ele>547.525249</ele>
        <time>2026-04-20T15:15:00.958Z</time>
      </trkpt>
      <trkpt lat="48.074815" lon="11.542366">
        <ele>547.256960</ele>
        <time>2026-04-20T15:15:08.204Z</time>
      </trkpt>
      <trkpt lat="48.074701" lon="11.542373">
        <ele>547.161765</ele>
        <time>2026-04-20T15:15:20.901Z</time>
      </trkpt>
      <trkpt lat="48.074374" lon="11.538900">
        <ele>544.883729</ele>
        <time>2026-04-20T15:19:18.033Z</time>
      </trkpt>
      <trkpt lat="48.074423" lon="11.538885">
        <ele>544.818188</ele>
        <time>2026-04-20T15:19:23.141Z</time>
      </trkpt>
      <trkpt lat="48.074462" lon="11.538862">
        <ele>544.763257</ele>
        <time>2026-04-20T15:19:27.511Z</time>
      </trkpt>
      <trkpt lat="48.074490" lon="11.538775">
        <ele>544.678705</ele>
        <time>2026-04-20T15:19:34.212Z</time>
      </trkpt>
      <trkpt lat="48.074472" lon="11.538356">
        <ele>544.311079</ele>
        <time>2026-04-20T15:20:02.355Z</time>
      </trkpt>
      <trkpt lat="48.074487" lon="11.538332">
        <ele>544.282305</ele>
        <time>2026-04-20T15:20:04.600Z</time>
      </trkpt>
      <trkpt lat="48.074560" lon="11.537895">
        <ele>543.887900</ele>
        <time>2026-04-20T15:20:36.469Z</time>
      </trkpt>
      <trkpt lat="48.074575" lon="11.537882">
        <ele>543.865186</ele>
        <time>2026-04-20T15:20:38.278Z</time>
      </trkpt>
      <trkpt lat="48.074723" lon="11.538407">
        <ele>543.262010</ele>
        <time>2026-04-20T15:21:20.065Z</time>
      </trkpt>
      <trkpt lat="48.074828" lon="11.538881">
        <ele>541.893804</ele>
        <time>2026-04-20T15:21:56.288Z</time>
      </trkpt>
      <trkpt lat="48.074815" lon="11.539065">
        <ele>541.386859</ele>
        <time>2026-04-20T15:22:09.684Z</time>
      </trkpt>
      <trkpt lat="48.074746" lon="11.539261">
        <ele>540.779868</ele>
        <time>2026-04-20T15:22:26.077Z</time>
      </trkpt>
      <trkpt lat="48.074737" lon="11.539348">
        <ele>540.538660</ele>
        <time>2026-04-20T15:22:32.800Z</time>
      </trkpt>
      <trkpt lat="48.074479" lon="11.539419">
        <ele>539.462969</ele>
        <time>2026-04-20T15:23:02.286Z</time>
      </trkpt>
      <trkpt lat="48.074083" lon="11.539481">
        <ele>537.830268</ele>
        <time>2026-04-20T15:23:46.027Z</time>
      </trkpt>
      <trkpt lat="48.073942" lon="11.539503">
        <ele>537.248950</ele>
        <time>2026-04-20T15:24:01.351Z</time>
      </trkpt>
      <trkpt lat="48.073616" lon="11.539594">
        <ele>536.008085</ele>
        <time>2026-04-20T15:24:36.552Z</time>
      </trkpt>
      <trkpt lat="48.071737" lon="11.539962">
        <ele>534.455894</ele>
        <time>2026-04-20T15:27:48.208Z</time>
      </trkpt>
      <trkpt lat="48.071510" lon="11.539983">
        <ele>534.396041</ele>
        <time>2026-04-20T15:28:11.093Z</time>
      </trkpt>
      <trkpt lat="48.071420" lon="11.539998">
        <ele>534.372209</ele>
        <time>2026-04-20T15:28:20.198Z</time>
      </trkpt>
      <trkpt lat="48.071254" lon="11.540050">
        <ele>534.327576</ele>
        <time>2026-04-20T15:28:37.344Z</time>
      </trkpt>
      <trkpt lat="48.069999" lon="11.540400">
        <ele>533.872449</ele>
        <time>2026-04-20T15:30:45.281Z</time>
      </trkpt>
      <trkpt lat="48.069224" lon="11.540803">
        <ele>532.665553</ele>
        <time>2026-04-20T15:32:10.284Z</time>
      </trkpt>
      <trkpt lat="48.068999" lon="11.540947">
        <ele>532.305579</ele>
        <time>2026-04-20T15:32:35.921Z</time>
      </trkpt>
      <trkpt lat="48.068452" lon="11.541187">
        <ele>531.467065</ele>
        <time>2026-04-20T15:33:35.338Z</time>
      </trkpt>
      <trkpt lat="48.067952" lon="11.541296">
        <ele>531.331073</ele>
        <time>2026-04-20T15:34:27.009Z</time>
      </trkpt>
      <trkpt lat="48.067475" lon="11.541332">
        <ele>531.286964</ele>
        <time>2026-04-20T15:35:15.364Z</time>
      </trkpt>
      <trkpt lat="48.067089" lon="11.541223">
        <ele>531.250686</ele>
        <time>2026-04-20T15:35:55.579Z</time>
      </trkpt>
      <trkpt lat="48.066534" lon="11.541109">
        <ele>531.250592</ele>
        <time>2026-04-20T15:36:53.841Z</time>
      </trkpt>
      <trkpt lat="48.066221" lon="11.540999">
        <ele>531.450036</ele>
        <time>2026-04-20T15:37:27.187Z</time>
      </trkpt>
      <trkpt lat="48.065908" lon="11.540889">
        <ele>531.649479</ele>
        <time>2026-04-20T15:38:00.241Z</time>
      </trkpt>
      <trkpt lat="48.062927" lon="11.539704">
        <ele>533.221705</ele>
        <time>2026-04-20T15:43:13.217Z</time>
      </trkpt>
      <trkpt lat="48.062216" lon="11.539379">
        <ele>533.750638</ele>
        <time>2026-04-20T15:44:30.005Z</time>
      </trkpt>
      <trkpt lat="48.061933" lon="11.539250">
        <ele>533.961121</ele>
        <time>2026-04-20T15:45:00.531Z</time>
      </trkpt>
      <trkpt lat="48.061348" lon="11.538900">
        <ele>534.356712</ele>
        <time>2026-04-20T15:46:05.361Z</time>
      </trkpt>
      <trkpt lat="48.060638" lon="11.538443">
        <ele>534.351181</ele>
        <time>2026-04-20T15:47:23.827Z</time>
      </trkpt>
      <trkpt lat="48.059929" lon="11.537985">
        <ele>534.345653</ele>
        <time>2026-04-20T15:48:41.662Z</time>
      </trkpt>
      <trkpt lat="48.059270" lon="11.537485">
        <ele>534.136496</ele>
        <time>2026-04-20T15:49:56.680Z</time>
      </trkpt>
      <trkpt lat="48.059078" lon="11.537262">
        <ele>534.046062</ele>
        <time>2026-04-20T15:50:21.291Z</time>
      </trkpt>
      <trkpt lat="48.058894" lon="11.536944">
        <ele>533.941467</ele>
        <time>2026-04-20T15:50:49.806Z</time>
      </trkpt>
      <trkpt lat="48.058783" lon="11.536697">
        <ele>533.867451</ele>
        <time>2026-04-20T15:51:09.888Z</time>
      </trkpt>
      <trkpt lat="48.058533" lon="11.535789">
        <ele>533.755339</ele>
        <time>2026-04-20T15:52:15.641Z</time>
      </trkpt>
      <trkpt lat="48.058436" lon="11.535308">
        <ele>533.948339</ele>
        <time>2026-04-20T15:52:49.576Z</time>
      </trkpt>
      <trkpt lat="48.058387" lon="11.534559">
        <ele>534.237437</ele>
        <time>2026-04-20T15:53:40.888Z</time>
      </trkpt>
      <trkpt lat="48.058387" lon="11.534100">
        <ele>534.413759</ele>
        <time>2026-04-20T15:54:12.446Z</time>
      </trkpt>
      <trkpt lat="48.058433" lon="11.533555">
        <ele>534.624780</ele>
        <time>2026-04-20T15:54:50.450Z</time>
      </trkpt>
      <trkpt lat="48.058426" lon="11.533100">
        <ele>534.864326</ele>
        <time>2026-04-20T15:55:21.996Z</time>
      </trkpt>
      <trkpt lat="48.058349" lon="11.532300">
        <ele>535.396346</ele>
        <time>2026-04-20T15:56:18.235Z</time>
      </trkpt>
      <trkpt lat="48.058200" lon="11.529979">
        <ele>536.388598</ele>
        <time>2026-04-20T15:58:59.611Z</time>
      </trkpt>
      <trkpt lat="48.058076" lon="11.529094">
        <ele>536.267573</ele>
        <time>2026-04-20T16:00:00.766Z</time>
      </trkpt>
      <trkpt lat="48.058004" lon="11.528790">
        <ele>536.224405</ele>
        <time>2026-04-20T16:00:22.806Z</time>
      </trkpt>
      <trkpt lat="48.057983" lon="11.528703">
        <ele>536.212025</ele>
        <time>2026-04-20T16:00:29.150Z</time>
      </trkpt>
      <trkpt lat="48.057825" lon="11.528182">
        <ele>536.135451</ele>
        <time>2026-04-20T16:01:08.176Z</time>
      </trkpt>
      <trkpt lat="48.057478" lon="11.527257">
        <ele>536.066036</ele>
        <time>2026-04-20T16:02:19.696Z</time>
      </trkpt>
      <trkpt lat="48.057196" lon="11.526661">
        <ele>536.024306</ele>
        <time>2026-04-20T16:03:08.689Z</time>
      </trkpt>
      <trkpt lat="48.056974" lon="11.526283">
        <ele>535.995550</ele>
        <time>2026-04-20T16:03:42.450Z</time>
      </trkpt>
      <trkpt lat="48.056581" lon="11.525726">
        <ele>536.180023</ele>
        <time>2026-04-20T16:04:36.826Z</time>
      </trkpt>
      <trkpt lat="48.055995" lon="11.525082">
        <ele>536.959300</ele>
        <time>2026-04-20T16:05:51.654Z</time>
      </trkpt>
      <trkpt lat="48.055146" lon="11.524262">
        <ele>538.172539</ele>
        <time>2026-04-20T16:07:37.780Z</time>
      </trkpt>
      <trkpt lat="48.054455" lon="11.523582">
        <ele>539.836869</ele>
        <time>2026-04-20T16:09:08.199Z</time>
      </trkpt>
      <trkpt lat="48.054303" lon="11.523387">
        <ele>540.239793</ele>
        <time>2026-04-20T16:09:29.831Z</time>
      </trkpt>
      <trkpt lat="48.054146" lon="11.523204">
        <ele>540.640290</ele>
        <time>2026-04-20T16:09:51.157Z</time>
      </trkpt>
      <trkpt lat="48.053815" lon="11.523004">
        <ele>541.358628</ele>
        <time>2026-04-20T16:10:28.868Z</time>
      </trkpt>
      <trkpt lat="48.053392" lon="11.522593">
        <ele>541.991679</ele>
        <time>2026-04-20T16:11:21.672Z</time>
      </trkpt>
      <trkpt lat="48.053187" lon="11.522404">
        <ele>542.261107</ele>
        <time>2026-04-20T16:11:47.402Z</time>
      </trkpt>
      <trkpt lat="48.052772" lon="11.522135">
        <ele>542.767154</ele>
        <time>2026-04-20T16:12:34.898Z</time>
      </trkpt>
      <trkpt lat="48.052601" lon="11.522047">
        <ele>542.969486</ele>
        <time>2026-04-20T16:12:53.924Z</time>
      </trkpt>
      <trkpt lat="48.051576" lon="11.521555">
        <ele>542.837382</ele>
        <time>2026-04-20T16:14:43.158Z</time>
      </trkpt>
      <trkpt lat="48.051321" lon="11.521490">
        <ele>542.529922</ele>
        <time>2026-04-20T16:15:09.375Z</time>
      </trkpt>
      <trkpt lat="48.051075" lon="11.521479">
        <ele>542.237396</ele>
        <time>2026-04-20T16:15:34.747Z</time>
      </trkpt>
      <trkpt lat="48.050381" lon="11.521590">
        <ele>541.407809</ele>
        <time>2026-04-20T16:16:48.303Z</time>
      </trkpt>
      <trkpt lat="48.050066" lon="11.521613">
        <ele>540.899514</ele>
        <time>2026-04-20T16:17:21.887Z</time>
      </trkpt>
      <trkpt lat="48.049950" lon="11.521590">
        <ele>540.708155</ele>
        <time>2026-04-20T16:17:34.217Z</time>
      </trkpt>
      <trkpt lat="48.049427" lon="11.521268">
        <ele>539.783263</ele>
        <time>2026-04-20T16:18:33.465Z</time>
      </trkpt>
      <trkpt lat="48.049161" lon="11.521028">
        <ele>539.275262</ele>
        <time>2026-04-20T16:19:05.479Z</time>
      </trkpt>
      <trkpt lat="48.048631" lon="11.520360">
        <ele>538.620810</ele>
        <time>2026-04-20T16:20:15.540Z</time>
      </trkpt>
      <trkpt lat="48.048365" lon="11.519971">
        <ele>538.968673</ele>
        <time>2026-04-20T16:20:53.356Z</time>
      </trkpt>
      <trkpt lat="48.048161" lon="11.519546">
        <ele>539.295750</ele>
        <time>2026-04-20T16:21:29.712Z</time>
      </trkpt>
      <trkpt lat="48.047588" lon="11.518075">
        <ele>540.245492</ele>
        <time>2026-04-20T16:23:30.332Z</time>
      </trkpt>
      <trkpt lat="48.047106" lon="11.517187">
        <ele>540.606710</ele>
        <time>2026-04-20T16:24:49.940Z</time>
      </trkpt>
      <trkpt lat="48.046841" lon="11.516751">
        <ele>540.792796</ele>
        <time>2026-04-20T16:25:29.507Z</time>
      </trkpt>
      <trkpt lat="48.046600" lon="11.516413">
        <ele>540.948852</ele>
        <time>2026-04-20T16:26:03.173Z</time>
      </trkpt>
      <trkpt lat="48.046519" lon="11.516279">
        <ele>540.982310</ele>
        <time>2026-04-20T16:26:15.569Z</time>
      </trkpt>
      <trkpt lat="48.046232" lon="11.515968">
        <ele>541.007230</ele>
        <time>2026-04-20T16:26:51.816Z</time>
      </trkpt>
      <trkpt lat="48.045647" lon="11.515490">
        <ele>541.054100</ele>
        <time>2026-04-20T16:27:59.529Z</time>
      </trkpt>
      <trkpt lat="48.044987" lon="11.515152">
        <ele>541.103153</ele>
        <time>2026-04-20T16:29:11.876Z</time>
      </trkpt>
      <trkpt lat="48.044722" lon="11.515077">
        <ele>541.433651</ele>
        <time>2026-04-20T16:29:40.912Z</time>
      </trkpt>
      <trkpt lat="48.044337" lon="11.515024">
        <ele>541.945861</ele>
        <time>2026-04-20T16:30:22.540Z</time>
      </trkpt>
      <trkpt lat="48.044193" lon="11.515006">
        <ele>542.137300</ele>
        <time>2026-04-20T16:30:38.070Z</time>
      </trkpt>
      <trkpt lat="48.043800" lon="11.514964">
        <ele>542.659280</ele>
        <time>2026-04-20T16:31:19.524Z</time>
      </trkpt>
      <trkpt lat="48.043258" lon="11.514967">
        <ele>543.377335</ele>
        <time>2026-04-20T16:32:15.647Z</time>
      </trkpt>
      <trkpt lat="48.042939" lon="11.515021">
        <ele>543.373164</ele>
        <time>2026-04-20T16:32:48.931Z</time>
      </trkpt>
      <trkpt lat="48.042819" lon="11.515054">
        <ele>543.314501</ele>
        <time>2026-04-20T16:33:01.219Z</time>
      </trkpt>
      <trkpt lat="48.042560" lon="11.515111">
        <ele>543.188633</ele>
        <time>2026-04-20T16:33:27.871Z</time>
      </trkpt>
      <trkpt lat="48.042469" lon="11.515135">
        <ele>543.144205</ele>
        <time>2026-04-20T16:33:37.191Z</time>
      </trkpt>
      <trkpt lat="48.042016" lon="11.514882">
        <ele>542.911714</ele>
        <time>2026-04-20T16:34:26.520Z</time>
      </trkpt>
      <trkpt lat="48.041868" lon="11.514825">
        <ele>542.838235</ele>
        <time>2026-04-20T16:34:42.051Z</time>
      </trkpt>
      <trkpt lat="48.041809" lon="11.515084">
        <ele>542.750277</ele>
        <time>2026-04-20T16:35:00.575Z</time>
      </trkpt>
      <trkpt lat="48.041679" lon="11.515036">
        <ele>542.685897</ele>
        <time>2026-04-20T16:35:14.137Z</time>
      </trkpt>
      <trkpt lat="48.041527" lon="11.514986">
        <ele>542.606226</ele>
        <time>2026-04-20T16:35:30.088Z</time>
      </trkpt>
      <trkpt lat="48.041309" lon="11.514849">
        <ele>542.445363</ele>
        <time>2026-04-20T16:35:54.595Z</time>
      </trkpt>
      <trkpt lat="48.040787" lon="11.514415">
        <ele>542.039072</ele>
        <time>2026-04-20T16:36:55.578Z</time>
      </trkpt>
      <trkpt lat="48.040660" lon="11.514326">
        <ele>541.943662</ele>
        <time>2026-04-20T16:37:09.765Z</time>
      </trkpt>
      <trkpt lat="48.040474" lon="11.514150">
        <ele>541.793931</ele>
        <time>2026-04-20T16:37:32.040Z</time>
      </trkpt>
      <trkpt lat="48.040413" lon="11.514079">
        <ele>541.741348</ele>
        <time>2026-04-20T16:37:39.921Z</time>
      </trkpt>
      <trkpt lat="48.040384" lon="11.514025">
        <ele>541.709844</ele>
        <time>2026-04-20T16:37:44.597Z</time>
      </trkpt>
      <trkpt lat="48.040377" lon="11.513921">
        <ele>541.662300</ele>
        <time>2026-04-20T16:37:51.678Z</time>
      </trkpt>
      <trkpt lat="48.040433" lon="11.513785">
        <ele>541.589651</ele>
        <time>2026-04-20T16:38:02.369Z</time>
      </trkpt>
      <trkpt lat="48.040409" lon="11.513769">
        <ele>541.571776</ele>
        <time>2026-04-20T16:38:05.078Z</time>
      </trkpt>
      <trkpt lat="48.040340" lon="11.513722">
        <ele>541.520197</ele>
        <time>2026-04-20T16:38:12.624Z</time>
      </trkpt>
      <trkpt lat="48.040099" lon="11.513571">
        <ele>541.404754</ele>
        <time>2026-04-20T16:38:39.091Z</time>
      </trkpt>
      <trkpt lat="48.039692" lon="11.512973">
        <ele>541.443206</ele>
        <time>2026-04-20T16:39:36.841Z</time>
      </trkpt>
      <trkpt lat="48.039228" lon="11.512062">
        <ele>541.494812</ele>
        <time>2026-04-20T16:40:54.032Z</time>
      </trkpt>
      <trkpt lat="48.038373" lon="11.510481">
        <ele>542.523281</ele>
        <time>2026-04-20T16:43:13.268Z</time>
      </trkpt>
      <trkpt lat="48.037304" lon="11.508399">
        <ele>544.566628</ele>
        <time>2026-04-20T16:46:18.725Z</time>
      </trkpt>
      <trkpt lat="48.037062" lon="11.508046">
        <ele>545.001883</ele>
        <time>2026-04-20T16:46:53.432Z</time>
      </trkpt>
      <trkpt lat="48.036743" lon="11.507682">
        <ele>545.518513</ele>
        <time>2026-04-20T16:47:34.574Z</time>
      </trkpt>
      <trkpt lat="48.036386" lon="11.507407">
        <ele>546.652015</ele>
        <time>2026-04-20T16:48:16.606Z</time>
      </trkpt>
      <trkpt lat="48.036059" lon="11.507239">
        <ele>547.860287</ele>
        <time>2026-04-20T16:48:53.189Z</time>
      </trkpt>
      <trkpt lat="48.035883" lon="11.507010">
        <ele>548.675525</ele>
        <time>2026-04-20T16:49:18.444Z</time>
      </trkpt>
      <trkpt lat="48.035080" lon="11.506450">
        <ele>551.771771</ele>
        <time>2026-04-20T16:51:01.421Z</time>
      </trkpt>
      <trkpt lat="48.034914" lon="11.506285">
        <ele>552.813079</ele>
        <time>2026-04-20T16:51:26.232Z</time>
      </trkpt>
      <trkpt lat="48.034829" lon="11.506090">
        <ele>553.726958</ele>
        <time>2026-04-20T16:51:45.621Z</time>
      </trkpt>
      <trkpt lat="48.034602" lon="11.505747">
        <ele>555.621628</ele>
        <time>2026-04-20T16:52:25.560Z</time>
      </trkpt>
      <trkpt lat="48.034298" lon="11.505201">
        <ele>558.411073</ele>
        <time>2026-04-20T16:53:24.086Z</time>
      </trkpt>
      <trkpt lat="48.034196" lon="11.505091">
        <ele>559.149426</ele>
        <time>2026-04-20T16:53:39.470Z</time>
      </trkpt>
      <trkpt lat="48.033629" lon="11.504487">
        <ele>562.765339</ele>
        <time>2026-04-20T16:55:01.991Z</time>
      </trkpt>
      <trkpt lat="48.033534" lon="11.504361">
        <ele>563.019264</ele>
        <time>2026-04-20T16:55:16.245Z</time>
      </trkpt>
      <trkpt lat="48.033353" lon="11.504029">
        <ele>563.592067</ele>
        <time>2026-04-20T16:55:47.807Z</time>
      </trkpt>
      <trkpt lat="48.033277" lon="11.503950">
        <ele>563.777154</ele>
        <time>2026-04-20T16:55:57.949Z</time>
      </trkpt>
      <trkpt lat="48.033164" lon="11.503896">
        <ele>564.014380</ele>
        <time>2026-04-20T16:56:11.023Z</time>
      </trkpt>
      <trkpt lat="48.032711" lon="11.503690">
        <ele>564.961214</ele>
        <time>2026-04-20T16:57:01.655Z</time>
      </trkpt>
      <trkpt lat="48.032508" lon="11.503472">
        <ele>565.460986</ele>
        <time>2026-04-20T16:57:27.433Z</time>
      </trkpt>
      <trkpt lat="48.032228" lon="11.503179">
        <ele>566.091687</ele>
        <time>2026-04-20T16:58:01.854Z</time>
      </trkpt>
      <trkpt lat="48.032128" lon="11.503120">
        <ele>565.866326</ele>
        <time>2026-04-20T16:58:12.864Z</time>
      </trkpt>
      <trkpt lat="48.031882" lon="11.503029">
        <ele>565.335080</ele>
        <time>2026-04-20T16:58:38.863Z</time>
      </trkpt>
      <trkpt lat="48.031396" lon="11.503007">
        <ele>564.315787</ele>
        <time>2026-04-20T16:59:29.080Z</time>
      </trkpt>
      <trkpt lat="48.031182" lon="11.502951">
        <ele>563.860352</ele>
        <time>2026-04-20T16:59:52.103Z</time>
      </trkpt>
      <trkpt lat="48.031005" lon="11.502824">
        <ele>563.448795</ele>
        <time>2026-04-20T17:00:13.375Z</time>
      </trkpt>
      <trkpt lat="48.030547" lon="11.502376">
        <ele>562.258688</ele>
        <time>2026-04-20T17:01:11.809Z</time>
      </trkpt>
      <trkpt lat="48.030160" lon="11.502284">
        <ele>560.682122</ele>
        <time>2026-04-20T17:01:52.906Z</time>
      </trkpt>
      <trkpt lat="48.029977" lon="11.502237">
        <ele>559.935080</ele>
        <time>2026-04-20T17:02:12.473Z</time>
      </trkpt>
      <trkpt lat="48.029731" lon="11.502104">
        <ele>558.882647</ele>
        <time>2026-04-20T17:02:40.371Z</time>
      </trkpt>
      <trkpt lat="48.029293" lon="11.501865">
        <ele>557.006786</ele>
        <time>2026-04-20T17:03:31.255Z</time>
      </trkpt>
      <trkpt lat="48.029055" lon="11.501908">
        <ele>556.042279</ele>
        <time>2026-04-20T17:03:57.631Z</time>
      </trkpt>
      <trkpt lat="48.028631" lon="11.502131">
        <ele>554.062114</ele>
        <time>2026-04-20T17:04:47.646Z</time>
      </trkpt>
      <trkpt lat="48.028419" lon="11.502198">
        <ele>553.019635</ele>
        <time>2026-04-20T17:05:12.005Z</time>
      </trkpt>
      <trkpt lat="48.028181" lon="11.502090">
        <ele>551.823035</ele>
        <time>2026-04-20T17:05:40.306Z</time>
      </trkpt>
      <trkpt lat="48.027659" lon="11.501712">
        <ele>549.032661</ele>
        <time>2026-04-20T17:06:45.436Z</time>
      </trkpt>
      <trkpt lat="48.027533" lon="11.501570">
        <ele>548.273571</ele>
        <time>2026-04-20T17:07:02.593Z</time>
      </trkpt>
      <trkpt lat="48.027384" lon="11.501328">
        <ele>547.215198</ele>
        <time>2026-04-20T17:07:26.139Z</time>
      </trkpt>
      <trkpt lat="48.027311" lon="11.501130">
        <ele>546.487733</ele>
        <time>2026-04-20T17:07:41.961Z</time>
      </trkpt>
      <trkpt lat="48.027190" lon="11.500590">
        <ele>546.164322</ele>
        <time>2026-04-20T17:08:20.941Z</time>
      </trkpt>
      <trkpt lat="48.027158" lon="11.500475">
        <ele>546.098991</ele>
        <time>2026-04-20T17:08:29.346Z</time>
      </trkpt>
      <trkpt lat="48.027073" lon="11.500155">
        <ele>545.918397</ele>
        <time>2026-04-20T17:08:52.418Z</time>
      </trkpt>
      <trkpt lat="48.027041" lon="11.499822">
        <ele>545.741943</ele>
        <time>2026-04-20T17:09:15.129Z</time>
      </trkpt>
      <trkpt lat="48.027018" lon="11.498971">
        <ele>545.295227</ele>
        <time>2026-04-20T17:10:12.396Z</time>
      </trkpt>
      <trkpt lat="48.027022" lon="11.498803">
        <ele>545.207055</ele>
        <time>2026-04-20T17:10:23.683Z</time>
      </trkpt>
      <trkpt lat="48.027009" lon="11.498580">
        <ele>545.089647</ele>
        <time>2026-04-20T17:10:38.722Z</time>
      </trkpt>
      <trkpt lat="48.026970" lon="11.498432">
        <ele>545.044911</ele>
        <time>2026-04-20T17:10:49.464Z</time>
      </trkpt>
      <trkpt lat="48.026848" lon="11.498344">
        <ele>545.038019</ele>
        <time>2026-04-20T17:11:03.096Z</time>
      </trkpt>
      <trkpt lat="48.026786" lon="11.498237">
        <ele>545.033201</ele>
        <time>2026-04-20T17:11:12.600Z</time>
      </trkpt>
      <trkpt lat="48.026678" lon="11.497502">
        <ele>545.007593</ele>
        <time>2026-04-20T17:12:03.492Z</time>
      </trkpt>
      <trkpt lat="48.026618" lon="11.497214">
        <ele>544.997328</ele>
        <time>2026-04-20T17:12:23.952Z</time>
      </trkpt>
      <trkpt lat="48.026533" lon="11.496967">
        <ele>544.987876</ele>
        <time>2026-04-20T17:12:42.795Z</time>
      </trkpt>
      <trkpt lat="48.026406" lon="11.496598">
        <ele>544.973754</ele>
        <time>2026-04-20T17:13:10.702Z</time>
      </trkpt>
      <trkpt lat="48.026299" lon="11.496368">
        <ele>544.964220</ele>
        <time>2026-04-20T17:13:29.725Z</time>
      </trkpt>
      <trkpt lat="48.026149" lon="11.496134">
        <ele>545.048589</ele>
        <time>2026-04-20T17:13:52.023Z</time>
      </trkpt>
      <trkpt lat="48.025980" lon="11.495959">
        <ele>545.383691</ele>
        <time>2026-04-20T17:14:13.321Z</time>
      </trkpt>
      <trkpt lat="48.025777" lon="11.495807">
        <ele>545.753777</ele>
        <time>2026-04-20T17:14:36.903Z</time>
      </trkpt>
      <trkpt lat="48.025407" lon="11.495606">
        <ele>546.395492</ele>
        <time>2026-04-20T17:15:18.424Z</time>
      </trkpt>
      <trkpt lat="48.024999" lon="11.495489">
        <ele>547.072699</ele>
        <time>2026-04-20T17:16:03.126Z</time>
      </trkpt>
      <trkpt lat="48.024562" lon="11.495495">
        <ele>547.785087</ele>
        <time>2026-04-20T17:16:50.997Z</time>
      </trkpt>
      <trkpt lat="48.024337" lon="11.495530">
        <ele>548.072044</ele>
        <time>2026-04-20T17:17:15.393Z</time>
      </trkpt>
      <trkpt lat="48.023766" lon="11.495775">
        <ele>548.742373</ele>
        <time>2026-04-20T17:18:18.039Z</time>
      </trkpt>
      <trkpt lat="48.023487" lon="11.495885">
        <ele>549.067962</ele>
        <time>2026-04-20T17:18:47.872Z</time>
      </trkpt>
      <trkpt lat="48.023403" lon="11.495978">
        <ele>549.185906</ele>
        <time>2026-04-20T17:18:58.482Z</time>
      </trkpt>
      <trkpt lat="48.023120" lon="11.495996">
        <ele>549.505535</ele>
        <time>2026-04-20T17:19:27.436Z</time>
      </trkpt>
      <trkpt lat="48.022990" lon="11.496037">
        <ele>549.655457</ele>
        <time>2026-04-20T17:19:41.003Z</time>
      </trkpt>
      <trkpt lat="48.022744" lon="11.496114">
        <ele>549.913755</ele>
        <time>2026-04-20T17:20:06.765Z</time>
      </trkpt>
      <trkpt lat="48.022602" lon="11.496093">
        <ele>549.884243</ele>
        <time>2026-04-20T17:20:21.178Z</time>
      </trkpt>
      <trkpt lat="48.022179" lon="11.495808">
        <ele>549.788286</ele>
        <time>2026-04-20T17:21:07.621Z</time>
      </trkpt>
      <trkpt lat="48.021973" lon="11.495616">
        <ele>549.738080</ele>
        <time>2026-04-20T17:21:32.062Z</time>
      </trkpt>
      <trkpt lat="48.021764" lon="11.495374">
        <ele>549.683408</ele>
        <time>2026-04-20T17:21:58.626Z</time>
      </trkpt>
      <trkpt lat="48.021459" lon="11.495233">
        <ele>549.617381</ele>
        <time>2026-04-20T17:22:31.002Z</time>
      </trkpt>
      <trkpt lat="48.021193" lon="11.494867">
        <ele>549.568380</ele>
        <time>2026-04-20T17:23:08.099Z</time>
      </trkpt>
      <trkpt lat="48.020988" lon="11.494689">
        <ele>549.931563</ele>
        <time>2026-04-20T17:23:32.280Z</time>
      </trkpt>
      <trkpt lat="48.020696" lon="11.494549">
        <ele>550.401349</ele>
        <time>2026-04-20T17:24:03.012Z</time>
      </trkpt>
      <trkpt lat="48.020479" lon="11.494395">
        <ele>550.769346</ele>
        <time>2026-04-20T17:24:27.254Z</time>
      </trkpt>
      <trkpt lat="48.020289" lon="11.494146">
        <ele>551.156426</ele>
        <time>2026-04-20T17:24:53.178Z</time>
      </trkpt>
      <trkpt lat="48.020070" lon="11.493750">
        <ele>551.682950</ele>
        <time>2026-04-20T17:25:29.601Z</time>
      </trkpt>
      <trkpt lat="48.019979" lon="11.493439">
        <ele>552.030796</ele>
        <time>2026-04-20T17:25:55.861Z</time>
      </trkpt>
      <trkpt lat="48.019783" lon="11.493259">
        <ele>552.484763</ele>
        <time>2026-04-20T17:26:22.773Z</time>
      </trkpt>
      <trkpt lat="48.019473" lon="11.492809">
        <ele>553.966792</ele>
        <time>2026-04-20T17:27:14.820Z</time>
      </trkpt>
      <trkpt lat="48.019379" lon="11.492616">
        <ele>554.514523</ele>
        <time>2026-04-20T17:27:33.861Z</time>
      </trkpt>
      <trkpt lat="48.019284" lon="11.492314">
        <ele>555.280175</ele>
        <time>2026-04-20T17:28:00.289Z</time>
      </trkpt>
      <trkpt lat="48.019210" lon="11.492152">
        <ele>555.730239</ele>
        <time>2026-04-20T17:28:15.013Z</time>
      </trkpt>
      <trkpt lat="48.018945" lon="11.491672">
        <ele>557.158131</ele>
        <time>2026-04-20T17:29:00.914Z</time>
      </trkpt>
      <trkpt lat="48.018662" lon="11.490771">
        <ele>558.315062</ele>
        <time>2026-04-20T17:30:11.135Z</time>
      </trkpt>
      <trkpt lat="48.018412" lon="11.490561">
        <ele>558.157706</ele>
        <time>2026-04-20T17:30:40.960Z</time>
      </trkpt>
      <trkpt lat="48.018249" lon="11.490333">
        <ele>558.035216</ele>
        <time>2026-04-20T17:31:04.743Z</time>
      </trkpt>
      <trkpt lat="48.018117" lon="11.490082">
        <ele>557.918022</ele>
        <time>2026-04-20T17:31:27.342Z</time>
      </trkpt>
      <trkpt lat="48.017860" lon="11.489833">
        <ele>557.749970</ele>
        <time>2026-04-20T17:31:59.392Z</time>
      </trkpt>
      <trkpt lat="48.017663" lon="11.489733">
        <ele>557.635807</ele>
        <time>2026-04-20T17:32:20.621Z</time>
      </trkpt>
      <trkpt lat="48.017474" lon="11.489589">
        <ele>557.519404</ele>
        <time>2026-04-20T17:32:42.116Z</time>
      </trkpt>
      <trkpt lat="48.017341" lon="11.489446">
        <ele>557.830135</ele>
        <time>2026-04-20T17:32:59.426Z</time>
      </trkpt>
      <trkpt lat="48.017263" lon="11.489326">
        <ele>558.224625</ele>
        <time>2026-04-20T17:33:11.309Z</time>
      </trkpt>
      <trkpt lat="48.017175" lon="11.489097">
        <ele>558.847276</ele>
        <time>2026-04-20T17:33:30.456Z</time>
      </trkpt>
      <trkpt lat="48.017098" lon="11.488443">
        <ele>560.412876</ele>
        <time>2026-04-20T17:34:20.650Z</time>
      </trkpt>
      <trkpt lat="48.017040" lon="11.488132">
        <ele>561.174068</ele>
        <time>2026-04-20T17:34:46.147Z</time>
      </trkpt>
      <trkpt lat="48.016954" lon="11.487866">
        <ele>561.870615</ele>
        <time>2026-04-20T17:35:09.989Z</time>
      </trkpt>
      <trkpt lat="48.016700" lon="11.487135">
        <ele>563.812712</ele>
        <time>2026-04-20T17:36:15.271Z</time>
      </trkpt>
      <trkpt lat="48.016416" lon="11.486771">
        <ele>563.996914</ele>
        <time>2026-04-20T17:36:57.002Z</time>
      </trkpt>
      <trkpt lat="48.016219" lon="11.486431">
        <ele>564.137902</ele>
        <time>2026-04-20T17:37:28.811Z</time>
      </trkpt>
      <trkpt lat="48.016099" lon="11.486286">
        <ele>564.210201</ele>
        <time>2026-04-20T17:37:44.274Z</time>
      </trkpt>
      <trkpt lat="48.015918" lon="11.486217">
        <ele>564.297726</ele>
        <time>2026-04-20T17:38:03.378Z</time>
      </trkpt>
      <trkpt lat="48.015542" lon="11.485744">
        <ele>564.527988</ele>
        <time>2026-04-20T17:38:54.454Z</time>
      </trkpt>
      <trkpt lat="48.015397" lon="11.485669">
        <ele>564.599882</ele>
        <time>2026-04-20T17:39:10.337Z</time>
      </trkpt>
      <trkpt lat="48.015008" lon="11.485647">
        <ele>564.515325</ele>
        <time>2026-04-20T17:39:50.764Z</time>
      </trkpt>
      <trkpt lat="48.014911" lon="11.485581">
        <ele>564.450830</ele>
        <time>2026-04-20T17:40:01.569Z</time>
      </trkpt>
      <trkpt lat="48.014134" lon="11.484682">
        <ele>563.856239</ele>
        <time>2026-04-20T17:41:40.789Z</time>
      </trkpt>
      <trkpt lat="48.013850" lon="11.484432">
        <ele>563.656789</ele>
        <time>2026-04-20T17:42:14.525Z</time>
      </trkpt>
      <trkpt lat="48.013613" lon="11.484128">
        <ele>563.201130</ele>
        <time>2026-04-20T17:42:45.883Z</time>
      </trkpt>
      <trkpt lat="48.013342" lon="11.483758">
        <ele>562.438203</ele>
        <time>2026-04-20T17:43:23.256Z</time>
      </trkpt>
      <trkpt lat="48.013120" lon="11.483610">
        <ele>561.932919</ele>
        <time>2026-04-20T17:43:48.518Z</time>
      </trkpt>
      <trkpt lat="48.012814" lon="11.483512">
        <ele>561.282401</ele>
        <time>2026-04-20T17:44:21.314Z</time>
      </trkpt>
      <trkpt lat="48.012176" lon="11.483043">
        <ele>559.791834</ele>
        <time>2026-04-20T17:45:37.346Z</time>
      </trkpt>
      <trkpt lat="48.011784" lon="11.482482">
        <ele>558.243146</ele>
        <time>2026-04-20T17:46:35.988Z</time>
      </trkpt>
      <trkpt lat="48.011468" lon="11.482271">
        <ele>557.255486</ele>
        <time>2026-04-20T17:47:13.272Z</time>
      </trkpt>
      <trkpt lat="48.011120" lon="11.481878">
        <ele>556.010832</ele>
        <time>2026-04-20T17:47:59.431Z</time>
      </trkpt>
      <trkpt lat="48.010952" lon="11.481702">
        <ele>555.425384</ele>
        <time>2026-04-20T17:48:20.963Z</time>
      </trkpt>
      <trkpt lat="48.010788" lon="11.481540">
        <ele>554.864413</ele>
        <time>2026-04-20T17:48:41.304Z</time>
      </trkpt>
      <trkpt lat="48.010595" lon="11.481219">
        <ele>554.847324</ele>
        <time>2026-04-20T17:49:10.891Z</time>
      </trkpt>
      <trkpt lat="48.010501" lon="11.480990">
        <ele>554.956592</ele>
        <time>2026-04-20T17:49:29.092Z</time>
      </trkpt>
      <trkpt lat="48.010213" lon="11.480686">
        <ele>555.170929</ele>
        <time>2026-04-20T17:50:04.610Z</time>
      </trkpt>
      <trkpt lat="48.009624" lon="11.479897">
        <ele>555.651746</ele>
        <time>2026-04-20T17:51:27.813Z</time>
      </trkpt>
      <trkpt lat="48.009304" lon="11.479654">
        <ele>556.031649</ele>
        <time>2026-04-20T17:52:06.139Z</time>
      </trkpt>
      <trkpt lat="48.009183" lon="11.479506">
        <ele>556.343541</ele>
        <time>2026-04-20T17:52:22.979Z</time>
      </trkpt>
      <trkpt lat="48.008706" lon="11.479077">
        <ele>557.454055</ele>
        <time>2026-04-20T17:53:22.928Z</time>
      </trkpt>
      <trkpt lat="48.008257" lon="11.478557">
        <ele>558.587142</ele>
        <time>2026-04-20T17:54:23.806Z</time>
      </trkpt>
      <trkpt lat="48.007927" lon="11.478351">
        <ele>559.300549</ele>
        <time>2026-04-20T17:55:01.952Z</time>
      </trkpt>
      <trkpt lat="48.007385" lon="11.477950">
        <ele>560.788443</ele>
        <time>2026-04-20T17:56:06.466Z</time>
      </trkpt>
      <trkpt lat="48.006737" lon="11.477619">
        <ele>562.497874</ele>
        <time>2026-04-20T17:57:22.278Z</time>
      </trkpt>
      <trkpt lat="48.006400" lon="11.477339">
        <ele>563.460354</ele>
        <time>2026-04-20T17:58:05.832Z</time>
      </trkpt>
      <trkpt lat="48.006243" lon="11.477174">
        <ele>563.849145</ele>
        <time>2026-04-20T17:58:27.222Z</time>
      </trkpt>
      <trkpt lat="48.005972" lon="11.476982">
        <ele>563.515319</ele>
        <time>2026-04-20T17:58:59.051Z</time>
      </trkpt>
      <trkpt lat="48.005441" lon="11.476816">
        <ele>562.911466</ele>
        <time>2026-04-20T17:59:53.469Z</time>
      </trkpt>
      <trkpt lat="48.005355" lon="11.476759">
        <ele>562.806749</ele>
        <time>2026-04-20T18:00:03.042Z</time>
      </trkpt>
      <trkpt lat="48.005309" lon="11.476876">
        <ele>562.705684</ele>
        <time>2026-04-20T18:00:12.532Z</time>
      </trkpt>
      <trkpt lat="48.004991" lon="11.477169">
        <ele>562.289859</ele>
        <time>2026-04-20T18:00:52.238Z</time>
      </trkpt>
      <trkpt lat="48.004669" lon="11.477328">
        <ele>561.912383</ele>
        <time>2026-04-20T18:01:29.215Z</time>
      </trkpt>
      <trkpt lat="48.003951" lon="11.477156">
        <ele>561.031656</ele>
        <time>2026-04-20T18:02:48.257Z</time>
      </trkpt>
      <trkpt lat="48.003582" lon="11.477012">
        <ele>560.567930</ele>
        <time>2026-04-20T18:03:27.530Z</time>
      </trkpt>
      <trkpt lat="48.003271" lon="11.476776">
        <ele>560.143821</ele>
        <time>2026-04-20T18:04:02.555Z</time>
      </trkpt>
      <trkpt lat="48.002671" lon="11.476459">
        <ele>560.933580</ele>
        <time>2026-04-20T18:05:11.051Z</time>
      </trkpt>
      <trkpt lat="48.002415" lon="11.476308">
        <ele>562.245145</ele>
        <time>2026-04-20T18:05:42.694Z</time>
      </trkpt>
      <trkpt lat="48.002165" lon="11.476263">
        <ele>563.445151</ele>
        <time>2026-04-20T18:06:12.310Z</time>
      </trkpt>
      <trkpt lat="48.001110" lon="11.475818">
        <ele>568.738175</ele>
        <time>2026-04-20T18:08:25.135Z</time>
      </trkpt>
      <trkpt lat="48.000486" lon="11.475883">
        <ele>572.220511</ele>
        <time>2026-04-20T18:09:39.080Z</time>
      </trkpt>
      <trkpt lat="47.999712" lon="11.475822">
        <ele>576.535480</ele>
        <time>2026-04-20T18:11:08.239Z</time>
      </trkpt>
      <trkpt lat="47.999482" lon="11.475802">
        <ele>577.818092</ele>
        <time>2026-04-20T18:11:36.449Z</time>
      </trkpt>
      <trkpt lat="47.999182" lon="11.475822">
        <ele>580.287130</ele>
        <time>2026-04-20T18:12:14.206Z</time>
      </trkpt>
      <trkpt lat="47.999079" lon="11.475748">
        <ele>581.340113</ele>
        <time>2026-04-20T18:12:28.933Z</time>
      </trkpt>
      <trkpt lat="47.999036" lon="11.475584">
        <ele>582.426072</ele>
        <time>2026-04-20T18:12:44.357Z</time>
      </trkpt>
      <trkpt lat="47.998988" lon="11.475189">
        <ele>584.901197</ele>
        <time>2026-04-20T18:13:19.779Z</time>
      </trkpt>
      <trkpt lat="47.998891" lon="11.474743">
        <ele>587.792521</ele>
        <time>2026-04-20T18:14:02.284Z</time>
      </trkpt>
      <trkpt lat="47.998754" lon="11.474290">
        <ele>590.857417</ele>
        <time>2026-04-20T18:15:02.279Z</time>
      </trkpt>
      <trkpt lat="47.998697" lon="11.473985">
        <ele>592.809806</ele>
        <time>2026-04-20T18:15:39.864Z</time>
      </trkpt>
      <trkpt lat="47.998619" lon="11.473625">
        <ele>594.804142</ele>
        <time>2026-04-20T18:16:22.545Z</time>
      </trkpt>
      <trkpt lat="47.998555" lon="11.473495">
        <ele>594.667712</ele>
        <time>2026-04-20T18:16:39.957Z</time>
      </trkpt>
      <trkpt lat="47.998442" lon="11.473404">
        <ele>594.505552</ele>
        <time>2026-04-20T18:17:00.228Z</time>
      </trkpt>
      <trkpt lat="47.998393" lon="11.473397">
        <ele>594.443369</ele>
        <time>2026-04-20T18:17:07.906Z</time>
      </trkpt>
      <trkpt lat="47.998346" lon="11.473546">
        <ele>594.304121</ele>
        <time>2026-04-20T18:17:24.444Z</time>
      </trkpt>
      <trkpt lat="47.998366" lon="11.473758">
        <ele>594.123138</ele>
        <time>2026-04-20T18:17:44.785Z</time>
      </trkpt>
      <trkpt lat="47.998371" lon="11.474483">
        <ele>593.510237</ele>
        <time>2026-04-20T18:18:46.925Z</time>
      </trkpt>
      <trkpt lat="47.998336" lon="11.474844">
        <ele>593.201885</ele>
        <time>2026-04-20T18:19:21.054Z</time>
      </trkpt>
      <trkpt lat="47.998272" lon="11.475148">
        <ele>592.932485</ele>
        <time>2026-04-20T18:19:52.033Z</time>
      </trkpt>
      <trkpt lat="47.998207" lon="11.475538">
        <ele>592.592731</ele>
        <time>2026-04-20T18:20:24.405Z</time>
      </trkpt>
      <trkpt lat="47.998105" lon="11.475779">
        <ele>590.768602</ele>
        <time>2026-04-20T18:20:47.639Z</time>
      </trkpt>
      <trkpt lat="47.997942" lon="11.476052">
        <ele>588.244673</ele>
        <time>2026-04-20T18:21:17.626Z</time>
      </trkpt>
      <trkpt lat="47.997760" lon="11.476276">
        <ele>585.814038</ele>
        <time>2026-04-20T18:21:46.559Z</time>
      </trkpt>
      <trkpt lat="47.997559" lon="11.476383">
        <ele>583.614391</ele>
        <time>2026-04-20T18:22:13.135Z</time>
      </trkpt>
      <trkpt lat="47.997413" lon="11.476406">
        <ele>582.100940</ele>
        <time>2026-04-20T18:22:31.365Z</time>
      </trkpt>
      <trkpt lat="47.997119" lon="11.476353">
        <ele>579.048127</ele>
        <time>2026-04-20T18:23:07.769Z</time>
      </trkpt>
      <trkpt lat="47.996927" lon="11.476184">
        <ele>576.750977</ele>
        <time>2026-04-20T18:23:34.458Z</time>
      </trkpt>
      <trkpt lat="47.996754" lon="11.476107">
        <ele>574.890100</ele>
        <time>2026-04-20T18:23:55.681Z</time>
      </trkpt>
      <trkpt lat="47.996600" lon="11.476116">
        <ele>573.693356</ele>
        <time>2026-04-20T18:24:13.454Z</time>
      </trkpt>
      <trkpt lat="47.996119" lon="11.476103">
        <ele>571.400045</ele>
        <time>2026-04-20T18:25:07.737Z</time>
      </trkpt>
      <trkpt lat="47.996002" lon="11.476086">
        <ele>570.839674</ele>
        <time>2026-04-20T18:25:20.783Z</time>
      </trkpt>
      <trkpt lat="47.995704" lon="11.475937">
        <ele>569.341694</ele>
        <time>2026-04-20T18:25:55.763Z</time>
      </trkpt>
      <trkpt lat="47.995381" lon="11.475649">
        <ele>567.548685</ele>
        <time>2026-04-20T18:26:37.206Z</time>
      </trkpt>
      <trkpt lat="47.995123" lon="11.475353">
        <ele>565.998121</ele>
        <time>2026-04-20T18:27:11.477Z</time>
      </trkpt>
      <trkpt lat="47.994703" lon="11.474976">
        <ele>566.109005</ele>
        <time>2026-04-20T18:28:00.604Z</time>
      </trkpt>
      <trkpt lat="47.994428" lon="11.474903">
        <ele>566.593362</ele>
        <time>2026-04-20T18:28:30.722Z</time>
      </trkpt>
      <trkpt lat="47.994173" lon="11.474730">
        <ele>567.079011</ele>
        <time>2026-04-20T18:29:01.978Z</time>
      </trkpt>
      <trkpt lat="47.993990" lon="11.474451">
        <ele>567.532381</ele>
        <time>2026-04-20T18:29:30.944Z</time>
      </trkpt>
      <trkpt lat="47.993849" lon="11.474074">
        <ele>568.033583</ele>
        <time>2026-04-20T18:30:02.769Z</time>
      </trkpt>
      <trkpt lat="47.993645" lon="11.473513">
        <ele>568.703403</ele>
        <time>2026-04-20T18:30:49.241Z</time>
      </trkpt>
      <trkpt lat="47.993403" lon="11.473352">
        <ele>568.998576</ele>
        <time>2026-04-20T18:31:18.044Z</time>
      </trkpt>
      <trkpt lat="47.992901" lon="11.473275">
        <ele>569.560880</ele>
        <time>2026-04-20T18:32:12.707Z</time>
      </trkpt>
      <trkpt lat="47.992702" lon="11.473197">
        <ele>569.790122</ele>
        <time>2026-04-20T18:32:34.076Z</time>
      </trkpt>
      <trkpt lat="47.991894" lon="11.472403">
        <ele>570.304924</ele>
        <time>2026-04-20T18:34:12.105Z</time>
      </trkpt>
      <trkpt lat="47.991733" lon="11.472261">
        <ele>570.106149</ele>
        <time>2026-04-20T18:34:30.994Z</time>
      </trkpt>
      <trkpt lat="47.991565" lon="11.472182">
        <ele>569.918890</ele>
        <time>2026-04-20T18:34:48.707Z</time>
      </trkpt>
      <trkpt lat="47.991273" lon="11.472142">
        <ele>569.607126</ele>
        <time>2026-04-20T18:35:18.162Z</time>
      </trkpt>
      <trkpt lat="47.990991" lon="11.472161">
        <ele>569.306991</ele>
        <time>2026-04-20T18:35:46.548Z</time>
      </trkpt>
      <trkpt lat="47.990764" lon="11.471992">
        <ele>569.037339</ele>
        <time>2026-04-20T18:36:12.609Z</time>
      </trkpt>
      <trkpt lat="47.990585" lon="11.471690">
        <ele>568.750284</ele>
        <time>2026-04-20T18:36:41.374Z</time>
      </trkpt>
      <trkpt lat="47.990390" lon="11.471430">
        <ele>568.300101</ele>
        <time>2026-04-20T18:37:09.360Z</time>
      </trkpt>
      <trkpt lat="47.990229" lon="11.471356">
        <ele>567.962696</ele>
        <time>2026-04-20T18:37:27.356Z</time>
      </trkpt>
      <trkpt lat="47.990016" lon="11.471314">
        <ele>567.532346</ele>
        <time>2026-04-20T18:37:50.025Z</time>
      </trkpt>
      <trkpt lat="47.989822" lon="11.471357">
        <ele>567.139500</ele>
        <time>2026-04-20T18:38:10.530Z</time>
      </trkpt>
      <trkpt lat="47.989539" lon="11.471509">
        <ele>566.537124</ele>
        <time>2026-04-20T18:38:41.937Z</time>
      </trkpt>
      <trkpt lat="47.989473" lon="11.471515">
        <ele>566.404678</ele>
        <time>2026-04-20T18:38:48.808Z</time>
      </trkpt>
      <trkpt lat="47.989259" lon="11.471447">
        <ele>565.966438</ele>
        <time>2026-04-20T18:39:11.769Z</time>
      </trkpt>
      <trkpt lat="47.989094" lon="11.471335">
        <ele>565.603427</ele>
        <time>2026-04-20T18:39:30.815Z</time>
      </trkpt>
      <trkpt lat="47.988687" lon="11.470948">
        <ele>565.489436</ele>
        <time>2026-04-20T18:40:20.517Z</time>
      </trkpt>
      <trkpt lat="47.988012" lon="11.470094">
        <ele>567.250381</ele>
        <time>2026-04-20T18:41:55.239Z</time>
      </trkpt>
      <trkpt lat="47.987907" lon="11.469996">
        <ele>567.496863</ele>
        <time>2026-04-20T18:42:08.739Z</time>
      </trkpt>
      <trkpt lat="47.987572" lon="11.469628">
        <ele>568.324686</ele>
        <time>2026-04-20T18:42:55.000Z</time>
      </trkpt>
      <trkpt lat="47.987349" lon="11.469190">
        <ele>569.870128</ele>
        <time>2026-04-20T18:43:36.848Z</time>
      </trkpt>
      <trkpt lat="47.987138" lon="11.468910">
        <ele>571.538229</ele>
        <time>2026-04-20T18:44:09.950Z</time>
      </trkpt>
      <trkpt lat="47.986590" lon="11.468372">
        <ele>575.414111</ele>
        <time>2026-04-20T18:45:31.920Z</time>
      </trkpt>
      <trkpt lat="47.986311" lon="11.467876">
        <ele>577.977354</ele>
        <time>2026-04-20T18:46:26.277Z</time>
      </trkpt>
      <trkpt lat="47.985965" lon="11.467003">
        <ele>580.667093</ele>
        <time>2026-04-20T18:47:47.114Z</time>
      </trkpt>
      <trkpt lat="47.985484" lon="11.466815">
        <ele>582.172120</ele>
        <time>2026-04-20T18:48:42.717Z</time>
      </trkpt>
      <trkpt lat="47.985315" lon="11.466717">
        <ele>582.720879</ele>
        <time>2026-04-20T18:49:02.196Z</time>
      </trkpt>
      <trkpt lat="47.984790" lon="11.466197">
        <ele>584.627614</ele>
        <time>2026-04-20T18:50:08.208Z</time>
      </trkpt>
      <trkpt lat="47.984562" lon="11.465824">
        <ele>584.374382</ele>
        <time>2026-04-20T18:50:42.308Z</time>
      </trkpt>
      <trkpt lat="47.984428" lon="11.465320">
        <ele>583.963603</ele>
        <time>2026-04-20T18:51:18.941Z</time>
      </trkpt>
      <trkpt lat="47.984335" lon="11.464786">
        <ele>583.545646</ele>
        <time>2026-04-20T18:51:56.547Z</time>
      </trkpt>
      <trkpt lat="47.984229" lon="11.464825">
        <ele>583.422105</ele>
        <time>2026-04-20T18:52:07.730Z</time>
      </trkpt>
      <trkpt lat="47.984144" lon="11.465023">
        <ele>583.243928</ele>
        <time>2026-04-20T18:52:23.969Z</time>
      </trkpt>
      <trkpt lat="47.984063" lon="11.465097">
        <ele>583.136482</ele>
        <time>2026-04-20T18:52:33.843Z</time>
      </trkpt>
      <trkpt lat="47.983944" lon="11.465110">
        <ele>583.001453</ele>
        <time>2026-04-20T18:52:46.151Z</time>
      </trkpt>
      <trkpt lat="47.983838" lon="11.465048">
        <ele>582.872630</ele>
        <time>2026-04-20T18:52:58.089Z</time>
      </trkpt>
      <trkpt lat="47.983659" lon="11.464824">
        <ele>582.434414</ele>
        <time>2026-04-20T18:53:22.917Z</time>
      </trkpt>
      <trkpt lat="47.983564" lon="11.464764">
        <ele>582.057107</ele>
        <time>2026-04-20T18:53:34.068Z</time>
      </trkpt>
      <trkpt lat="47.983052" lon="11.464837">
        <ele>580.175596</ele>
        <time>2026-04-20T18:54:30.328Z</time>
      </trkpt>
      <trkpt lat="47.982421" lon="11.464740">
        <ele>577.855082</ele>
        <time>2026-04-20T18:55:38.857Z</time>
      </trkpt>
      <trkpt lat="47.982113" lon="11.464753">
        <ele>576.727906</ele>
        <time>2026-04-20T18:56:11.945Z</time>
      </trkpt>
      <trkpt lat="47.981639" lon="11.465015">
        <ele>574.881608</ele>
        <time>2026-04-20T18:57:05.903Z</time>
      </trkpt>
      <trkpt lat="47.981459" lon="11.465062">
        <ele>574.214549</ele>
        <time>2026-04-20T18:57:25.316Z</time>
      </trkpt>
      <trkpt lat="47.981019" lon="11.465064">
        <ele>572.608300</ele>
        <time>2026-04-20T18:58:12.746Z</time>
      </trkpt>
      <trkpt lat="47.980897" lon="11.465096">
        <ele>572.156121</ele>
        <time>2026-04-20T18:58:26.217Z</time>
      </trkpt>
      <trkpt lat="47.980471" lon="11.465365">
        <ele>570.467771</ele>
        <time>2026-04-20T18:59:16.153Z</time>
      </trkpt>
      <trkpt lat="47.980329" lon="11.465520">
        <ele>569.825762</ele>
        <time>2026-04-20T18:59:35.076Z</time>
      </trkpt>
      <trkpt lat="47.980269" lon="11.465586">
        <ele>569.553758</ele>
        <time>2026-04-20T18:59:43.145Z</time>
      </trkpt>
      <trkpt lat="47.979937" lon="11.465951">
        <ele>567.946350</ele>
        <time>2026-04-20T19:00:27.451Z</time>
      </trkpt>
      <trkpt lat="47.979653" lon="11.466181">
        <ele>566.685923</ele>
        <time>2026-04-20T19:01:02.179Z</time>
      </trkpt>
      <trkpt lat="47.979463" lon="11.466298">
        <ele>565.884094</ele>
        <time>2026-04-20T19:01:24.368Z</time>
      </trkpt>
      <trkpt lat="47.979090" lon="11.466435">
        <ele>564.385427</ele>
        <time>2026-04-20T19:02:06.655Z</time>
      </trkpt>
      <trkpt lat="47.978852" lon="11.466443">
        <ele>563.456593</ele>
        <time>2026-04-20T19:02:32.571Z</time>
      </trkpt>
      <trkpt lat="47.978668" lon="11.466429">
        <ele>562.737754</ele>
        <time>2026-04-20T19:02:52.464Z</time>
      </trkpt>
      <trkpt lat="47.978628" lon="11.466426">
        <ele>562.581491</ele>
        <time>2026-04-20T19:02:56.784Z</time>
      </trkpt>
      <trkpt lat="47.978456" lon="11.466431">
        <ele>562.364433</ele>
        <time>2026-04-20T19:03:15.104Z</time>
      </trkpt>
      <trkpt lat="47.978199" lon="11.466607">
        <ele>562.079297</ele>
        <time>2026-04-20T19:03:45.049Z</time>
      </trkpt>
      <trkpt lat="47.978111" lon="11.466681">
        <ele>561.977449</ele>
        <time>2026-04-20T19:03:55.721Z</time>
      </trkpt>
      <trkpt lat="47.977946" lon="11.466747">
        <ele>561.805176</ele>
        <time>2026-04-20T19:04:13.693Z</time>
      </trkpt>
      <trkpt lat="47.977326" lon="11.466936">
        <ele>561.166987</ele>
        <time>2026-04-20T19:05:19.203Z</time>
      </trkpt>
      <trkpt lat="47.977251" lon="11.466962">
        <ele>561.089336</ele>
        <time>2026-04-20T19:05:27.002Z</time>
      </trkpt>
      <trkpt lat="47.976884" lon="11.467088">
        <ele>560.709548</ele>
        <time>2026-04-20T19:06:07.678Z</time>
      </trkpt>
      <trkpt lat="47.976909" lon="11.466799">
        <ele>561.922191</ele>
        <time>2026-04-20T19:06:29.721Z</time>
      </trkpt>
      <trkpt lat="47.976843" lon="11.466744">
        <ele>562.394270</ele>
        <time>2026-04-20T19:06:38.254Z</time>
      </trkpt>
      <trkpt lat="47.976697" lon="11.466703">
        <ele>563.322229</ele>
        <time>2026-04-20T19:06:55.307Z</time>
      </trkpt>
      <trkpt lat="47.976459" lon="11.466722">
        <ele>564.811010</ele>
        <time>2026-04-20T19:07:22.757Z</time>
      </trkpt>
      <trkpt lat="47.975618" lon="11.466922">
        <ele>570.130447</ele>
        <time>2026-04-20T19:09:07.443Z</time>
      </trkpt>
      <trkpt lat="47.975175" lon="11.466833">
        <ele>574.378423</ele>
        <time>2026-04-20T19:10:07.232Z</time>
      </trkpt>
      <trkpt lat="47.974667" lon="11.466477">
        <ele>583.097753</ele>
        <time>2026-04-20T19:11:28.499Z</time>
      </trkpt>
      <trkpt lat="47.974579" lon="11.466368">
        <ele>584.874149</ele>
        <time>2026-04-20T19:11:46.657Z</time>
      </trkpt>
      <trkpt lat="47.974474" lon="11.465858">
        <ele>590.424758</ele>
        <time>2026-04-20T19:12:50.374Z</time>
      </trkpt>
      <trkpt lat="47.974461" lon="11.465453">
        <ele>594.642708</ele>
        <time>2026-04-20T19:13:43.457Z</time>
      </trkpt>
      <trkpt lat="47.974375" lon="11.465104">
        <ele>598.511403</ele>
        <time>2026-04-20T19:14:33.560Z</time>
      </trkpt>
      <trkpt lat="47.974317" lon="11.464839">
        <ele>601.668654</ele>
        <time>2026-04-20T19:15:11.855Z</time>
      </trkpt>
      <trkpt lat="47.974193" lon="11.464567">
        <ele>605.671094</ele>
        <time>2026-04-20T19:15:56.978Z</time>
      </trkpt>
      <trkpt lat="47.974015" lon="11.464271">
        <ele>610.510402</ele>
        <time>2026-04-20T19:16:51.461Z</time>
      </trkpt>
      <trkpt lat="47.973750" lon="11.463597">
        <ele>620.017284</ele>
        <time>2026-04-20T19:18:37.415Z</time>
      </trkpt>
      <trkpt lat="47.973597" lon="11.462430">
        <ele>633.245669</ele>
        <time>2026-04-20T19:20:53.526Z</time>
      </trkpt>
      <trkpt lat="47.973392" lon="11.461909">
        <ele>635.844222</ele>
        <time>2026-04-20T19:21:47.655Z</time>
      </trkpt>
      <trkpt lat="47.973149" lon="11.461499">
        <ele>638.198807</ele>
        <time>2026-04-20T19:22:32.916Z</time>
      </trkpt>
      <trkpt lat="47.972994" lon="11.460991">
        <ele>640.599361</ele>
        <time>2026-04-20T19:23:15.707Z</time>
      </trkpt>
      <trkpt lat="47.972884" lon="11.460495">
        <ele>642.846131</ele>
        <time>2026-04-20T19:23:53.263Z</time>
      </trkpt>
      <trkpt lat="47.972625" lon="11.458809">
        <ele>644.885345</ele>
        <time>2026-04-20T19:25:51.466Z</time>
      </trkpt>
      <trkpt lat="47.972634" lon="11.458564">
        <ele>645.015947</ele>
        <time>2026-04-20T19:26:08.325Z</time>
      </trkpt>
      <trkpt lat="47.972612" lon="11.458261">
        <ele>645.178171</ele>
        <time>2026-04-20T19:26:29.216Z</time>
      </trkpt>
      <trkpt lat="47.972462" lon="11.457198">
        <ele>645.852346</ele>
        <time>2026-04-20T19:27:43.758Z</time>
      </trkpt>
      <trkpt lat="47.972298" lon="11.456357">
        <ele>646.538097</ele>
        <time>2026-04-20T19:28:44.605Z</time>
      </trkpt>
      <trkpt lat="47.972140" lon="11.455942">
        <ele>646.911847</ele>
        <time>2026-04-20T19:29:17.865Z</time>
      </trkpt>
      <trkpt lat="47.972100" lon="11.455839">
        <ele>647.005067</ele>
        <time>2026-04-20T19:29:26.144Z</time>
      </trkpt>
      <trkpt lat="47.972058" lon="11.455605">
        <ele>647.194728</ele>
        <time>2026-04-20T19:29:43.058Z</time>
      </trkpt>
      <trkpt lat="47.972012" lon="11.455019">
        <ele>647.656568</ele>
        <time>2026-04-20T19:30:24.695Z</time>
      </trkpt>
      <trkpt lat="47.971957" lon="11.454322">
        <ele>648.159405</ele>
        <time>2026-04-20T19:31:15.074Z</time>
      </trkpt>
      <trkpt lat="47.971968" lon="11.454187">
        <ele>648.256843</ele>
        <time>2026-04-20T19:31:24.903Z</time>
      </trkpt>
      <trkpt lat="47.971973" lon="11.454116">
        <ele>648.307993</ele>
        <time>2026-04-20T19:31:30.148Z</time>
      </trkpt>
      <trkpt lat="47.972057" lon="11.453941">
        <ele>648.462270</ele>
        <time>2026-04-20T19:31:45.563Z</time>
      </trkpt>
      <trkpt lat="47.972645" lon="11.453395">
        <ele>649.203213</ele>
        <time>2026-04-20T19:32:57.679Z</time>
      </trkpt>
      <trkpt lat="47.972819" lon="11.453056">
        <ele>649.509260</ele>
        <time>2026-04-20T19:33:26.434Z</time>
      </trkpt>
      <trkpt lat="47.972893" lon="11.452815">
        <ele>649.401973</ele>
        <time>2026-04-20T19:33:44.275Z</time>
      </trkpt>
      <trkpt lat="47.972513" lon="11.452710">
        <ele>648.778166</ele>
        <time>2026-04-20T19:34:23.577Z</time>
      </trkpt>
      <trkpt lat="47.972385" lon="11.452753">
        <ele>648.566386</ele>
        <time>2026-04-20T19:34:37.103Z</time>
      </trkpt>
      <trkpt lat="47.972237" lon="11.452858">
        <ele>648.301904</ele>
        <time>2026-04-20T19:34:54.090Z</time>
      </trkpt>
      <trkpt lat="47.972099" lon="11.452955">
        <ele>648.055710</ele>
        <time>2026-04-20T19:35:09.891Z</time>
      </trkpt>
      <trkpt lat="47.971309" lon="11.453268">
        <ele>646.736384</ele>
        <time>2026-04-20T19:36:35.797Z</time>
      </trkpt>
      <trkpt lat="47.970789" lon="11.453450">
        <ele>645.501787</ele>
        <time>2026-04-20T19:37:31.905Z</time>
      </trkpt>
      <trkpt lat="47.970052" lon="11.453641">
        <ele>643.734317</ele>
        <time>2026-04-20T19:38:50.921Z</time>
      </trkpt>
      <trkpt lat="47.969039" lon="11.453729">
        <ele>641.977271</ele>
        <time>2026-04-20T19:40:36.717Z</time>
      </trkpt>
      <trkpt lat="47.968502" lon="11.453563">
        <ele>641.442577</ele>
        <time>2026-04-20T19:41:32.879Z</time>
      </trkpt>
      <trkpt lat="47.968109" lon="11.453654">
        <ele>641.054808</ele>
        <time>2026-04-20T19:42:12.829Z</time>
      </trkpt>
      <trkpt lat="47.967819" lon="11.453724">
        <ele>640.768377</ele>
        <time>2026-04-20T19:42:42.362Z</time>
      </trkpt>
      <trkpt lat="47.967540" lon="11.453846">
        <ele>640.681677</ele>
        <time>2026-04-20T19:43:11.543Z</time>
      </trkpt>
      <trkpt lat="47.967246" lon="11.453874">
        <ele>640.694001</ele>
        <time>2026-04-20T19:43:41.052Z</time>
      </trkpt>
      <trkpt lat="47.966636" lon="11.454197">
        <ele>640.721077</ele>
        <time>2026-04-20T19:44:46.016Z</time>
      </trkpt>
      <trkpt lat="47.965848" lon="11.454287">
        <ele>640.941566</ele>
        <time>2026-04-20T19:46:05.410Z</time>
      </trkpt>
      <trkpt lat="47.965060" lon="11.454376">
        <ele>642.141354</ele>
        <time>2026-04-20T19:47:25.931Z</time>
      </trkpt>
      <trkpt lat="47.965001" lon="11.453862">
        <ele>642.671502</ele>
        <time>2026-04-20T19:48:02.930Z</time>
      </trkpt>
      <trkpt lat="47.964875" lon="11.453580">
        <ele>643.016146</ele>
        <time>2026-04-20T19:48:27.864Z</time>
      </trkpt>
      <trkpt lat="47.964737" lon="11.453395">
        <ele>643.297691</ele>
        <time>2026-04-20T19:48:48.790Z</time>
      </trkpt>
      <trkpt lat="47.964703" lon="11.452973">
        <ele>643.656372</ele>
        <time>2026-04-20T19:49:20.929Z</time>
      </trkpt>
      <trkpt lat="47.964722" lon="11.452530">
        <ele>643.975225</ele>
        <time>2026-04-20T19:49:53.949Z</time>
      </trkpt>
      <trkpt lat="47.964862" lon="11.451831">
        <ele>644.499286</ele>
        <time>2026-04-20T19:50:47.020Z</time>
      </trkpt>
      <trkpt lat="47.964570" lon="11.451690">
        <ele>644.828489</ele>
        <time>2026-04-20T19:51:19.436Z</time>
      </trkpt>
      <trkpt lat="47.964170" lon="11.451432">
        <ele>645.295888</ele>
        <time>2026-04-20T19:52:03.216Z</time>
      </trkpt>
      <trkpt lat="47.963925" lon="11.451274">
        <ele>644.761652</ele>
        <time>2026-04-20T19:52:31.421Z</time>
      </trkpt>
      <trkpt lat="47.963631" lon="11.450944">
        <ele>643.286209</ele>
        <time>2026-04-20T19:53:11.909Z</time>
      </trkpt>
      <trkpt lat="47.963275" lon="11.450691">
        <ele>641.704564</ele>
        <time>2026-04-20T19:53:56.049Z</time>
      </trkpt>
      <trkpt lat="47.962421" lon="11.450454">
        <ele>638.219881</ele>
        <time>2026-04-20T19:55:30.761Z</time>
      </trkpt>
      <trkpt lat="47.962284" lon="11.449863">
        <ele>636.993859</ele>
        <time>2026-04-20T19:56:15.355Z</time>
      </trkpt>
      <trkpt lat="47.962074" lon="11.449536">
        <ele>636.110942</ele>
        <time>2026-04-20T19:56:47.422Z</time>
      </trkpt>
      <trkpt lat="47.961939" lon="11.449408">
        <ele>635.645576</ele>
        <time>2026-04-20T19:57:04.142Z</time>
      </trkpt>
      <trkpt lat="47.961468" lon="11.449443">
        <ele>634.273195</ele>
        <time>2026-04-20T19:57:53.378Z</time>
      </trkpt>
      <trkpt lat="47.961371" lon="11.449479">
        <ele>633.982322</ele>
        <time>2026-04-20T19:58:03.790Z</time>
      </trkpt>
      <trkpt lat="47.961288" lon="11.449560">
        <ele>633.693776</ele>
        <time>2026-04-20T19:58:14.235Z</time>
      </trkpt>
      <trkpt lat="47.961124" lon="11.449623">
        <ele>633.200972</ele>
        <time>2026-04-20T19:58:32.150Z</time>
      </trkpt>
      <trkpt lat="47.960785" lon="11.449609">
        <ele>632.262840</ele>
        <time>2026-04-20T19:59:08.507Z</time>
      </trkpt>
      <trkpt lat="47.960496" lon="11.449369">
        <ele>631.363531</ele>
        <time>2026-04-20T19:59:44.385Z</time>
      </trkpt>
      <trkpt lat="47.960350" lon="11.448995">
        <ele>630.575140</ele>
        <time>2026-04-20T20:00:15.740Z</time>
      </trkpt>
      <trkpt lat="47.960076" lon="11.448020">
        <ele>628.649499</ele>
        <time>2026-04-20T20:01:30.489Z</time>
      </trkpt>
      <trkpt lat="47.960068" lon="11.447547">
        <ele>628.086632</ele>
        <time>2026-04-20T20:02:03.000Z</time>
      </trkpt>
      <trkpt lat="47.960017" lon="11.447282">
        <ele>628.121015</ele>
        <time>2026-04-20T20:02:21.665Z</time>
      </trkpt>
      <trkpt lat="47.959631" lon="11.446053">
        <ele>628.290289</ele>
        <time>2026-04-20T20:03:54.604Z</time>
      </trkpt>
      <trkpt lat="47.959492" lon="11.445726">
        <ele>628.338587</ele>
        <time>2026-04-20T20:04:21.821Z</time>
      </trkpt>
      <trkpt lat="47.958822" lon="11.444399">
        <ele>628.422757</ele>
        <time>2026-04-20T20:06:14.998Z</time>
      </trkpt>
      <trkpt lat="47.958391" lon="11.443747">
        <ele>628.438960</ele>
        <time>2026-04-20T20:07:16.794Z</time>
      </trkpt>
      <trkpt lat="47.958212" lon="11.443571">
        <ele>628.444621</ele>
        <time>2026-04-20T20:07:38.454Z</time>
      </trkpt>
      <trkpt lat="47.957881" lon="11.443340">
        <ele>628.911049</ele>
        <time>2026-04-20T20:08:15.747Z</time>
      </trkpt>
      <trkpt lat="47.957595" lon="11.442787">
        <ele>630.221150</ele>
        <time>2026-04-20T20:09:02.687Z</time>
      </trkpt>
      <trkpt lat="47.957471" lon="11.442612">
        <ele>630.698861</ele>
        <time>2026-04-20T20:09:20.871Z</time>
      </trkpt>
      <trkpt lat="47.957296" lon="11.442493">
        <ele>631.237254</ele>
        <time>2026-04-20T20:09:41.928Z</time>
      </trkpt>
      <trkpt lat="47.956982" lon="11.442415">
        <ele>632.128500</ele>
        <time>2026-04-20T20:10:18.177Z</time>
      </trkpt>
      <trkpt lat="47.957120" lon="11.441571">
        <ele>634.355106</ele>
        <time>2026-04-20T20:11:28.155Z</time>
      </trkpt>
      <trkpt lat="47.957117" lon="11.441101">
        <ele>637.175418</ele>
        <time>2026-04-20T20:12:07.138Z</time>
      </trkpt>
      <trkpt lat="47.957076" lon="11.440407">
        <ele>641.355864</ele>
        <time>2026-04-20T20:13:08.172Z</time>
      </trkpt>
      <trkpt lat="47.957093" lon="11.440327">
        <ele>641.859483</ele>
        <time>2026-04-20T20:13:15.708Z</time>
      </trkpt>
      <trkpt lat="47.956894" lon="11.440113">
        <ele>644.056779</ele>
        <time>2026-04-20T20:13:48.544Z</time>
      </trkpt>
      <trkpt lat="47.956925" lon="11.440019">
        <ele>644.685500</ele>
        <time>2026-04-20T20:13:58.144Z</time>
      </trkpt>
      <trkpt lat="47.956959" lon="11.439906">
        <ele>645.428839</ele>
        <time>2026-04-20T20:14:09.258Z</time>
      </trkpt>
      <trkpt lat="47.956911" lon="11.439589">
        <ele>647.378986</ele>
        <time>2026-04-20T20:14:38.687Z</time>
      </trkpt>
      <trkpt lat="47.956852" lon="11.439539">
        <ele>647.986828</ele>
        <time>2026-04-20T20:14:47.798Z</time>
      </trkpt>
      <trkpt lat="47.957044" lon="11.438892">
        <ele>652.628721</ele>
        <time>2026-04-20T20:15:51.632Z</time>
      </trkpt>
      <trkpt lat="47.956938" lon="11.438695">
        <ele>654.373016</ele>
        <time>2026-04-20T20:16:14.571Z</time>
      </trkpt>
      <trkpt lat="47.956908" lon="11.438453">
        <ele>656.071767</ele>
        <time>2026-04-20T20:16:37.031Z</time>
      </trkpt>
      <trkpt lat="47.956886" lon="11.437447">
        <ele>663.019253</ele>
        <time>2026-04-20T20:18:10.068Z</time>
      </trkpt>
      <trkpt lat="47.956902" lon="11.436904">
        <ele>666.770866</ele>
        <time>2026-04-20T20:18:58.955Z</time>
      </trkpt>
      <trkpt lat="47.956777" lon="11.436418">
        <ele>669.357317</ele>
        <time>2026-04-20T20:19:44.253Z</time>
      </trkpt>
      <trkpt lat="47.956783" lon="11.435939">
        <ele>671.167024</ele>
        <time>2026-04-20T20:20:24.610Z</time>
      </trkpt>
      <trkpt lat="47.956598" lon="11.435079">
        <ele>674.579105</ele>
        <time>2026-04-20T20:21:36.771Z</time>
      </trkpt>
      <trkpt lat="47.956348" lon="11.434494">
        <ele>677.200510</ele>
        <time>2026-04-20T20:22:29.137Z</time>
      </trkpt>
      <trkpt lat="47.956073" lon="11.433942">
        <ele>678.904160</ele>
        <time>2026-04-20T20:23:19.634Z</time>
      </trkpt>
      <trkpt lat="47.956210" lon="11.433790">
        <ele>679.297622</ele>
        <time>2026-04-20T20:23:37.953Z</time>
      </trkpt>
      <trkpt lat="47.956061" lon="11.433586">
        <ele>679.763642</ele>
        <time>2026-04-20T20:23:59.507Z</time>
      </trkpt>
      <trkpt lat="47.956099" lon="11.433495">
        <ele>679.929206</ele>
        <time>2026-04-20T20:24:07.279Z</time>
      </trkpt>
      <trkpt lat="47.956521" lon="11.432769">
        <ele>681.413342</ele>
        <time>2026-04-20T20:25:17.219Z</time>
      </trkpt>
      <trkpt lat="47.957025" lon="11.431826">
        <ele>683.228126</ele>
        <time>2026-04-20T20:26:42.845Z</time>
      </trkpt>
      <trkpt lat="47.956956" lon="11.431758">
        <ele>683.407910</ele>
        <time>2026-04-20T20:26:51.671Z</time>
      </trkpt>
      <trkpt lat="47.956467" lon="11.431348">
        <ele>684.627477</ele>
        <time>2026-04-20T20:27:51.811Z</time>
      </trkpt>
      <trkpt lat="47.956180" lon="11.431158">
        <ele>685.310188</ele>
        <time>2026-04-20T20:28:25.803Z</time>
      </trkpt>
      <trkpt lat="47.956245" lon="11.431033">
        <ele>685.540667</ele>
        <time>2026-04-20T20:28:37.332Z</time>
      </trkpt>
      <trkpt lat="47.956297" lon="11.430780">
        <ele>685.926086</ele>
        <time>2026-04-20T20:28:56.555Z</time>
      </trkpt>
      <trkpt lat="47.956306" lon="11.430417">
        <ele>686.468909</ele>
        <time>2026-04-20T20:29:23.220Z</time>
      </trkpt>
      <trkpt lat="47.956339" lon="11.429984">
        <ele>687.181885</ele>
        <time>2026-04-20T20:29:55.515Z</time>
      </trkpt>
      <trkpt lat="47.956481" lon="11.429481">
        <ele>688.074938</ele>
        <time>2026-04-20T20:30:35.593Z</time>
      </trkpt>
      <trkpt lat="47.956560" lon="11.429182">
        <ele>688.600805</ele>
        <time>2026-04-20T20:30:58.834Z</time>
      </trkpt>
      <trkpt lat="47.956803" lon="11.428532">
        <ele>689.818695</ele>
        <time>2026-04-20T20:31:51.912Z</time>
      </trkpt>
      <trkpt lat="47.957026" lon="11.427915">
        <ele>691.079448</ele>
        <time>2026-04-20T20:32:41.954Z</time>
      </trkpt>
      <trkpt lat="47.955481" lon="11.426956">
        <ele>697.200526</ele>
        <time>2026-04-20T20:35:52.328Z</time>
      </trkpt>
      <trkpt lat="47.955042" lon="11.426837">
        <ele>698.522948</ele>
        <time>2026-04-20T20:36:44.234Z</time>
      </trkpt>
      <trkpt lat="47.954278" lon="11.426185">
        <ele>701.084035</ele>
        <time>2026-04-20T20:38:22.617Z</time>
      </trkpt>
      <trkpt lat="47.953941" lon="11.425899">
        <ele>702.212191</ele>
        <time>2026-04-20T20:39:03.893Z</time>
      </trkpt>
      <trkpt lat="47.953062" lon="11.425757">
        <ele>702.372911</ele>
        <time>2026-04-20T20:40:33.650Z</time>
      </trkpt>
      <trkpt lat="47.952698" lon="11.425488">
        <ele>702.278089</ele>
        <time>2026-04-20T20:41:15.004Z</time>
      </trkpt>
      <trkpt lat="47.952685" lon="11.425525">
        <ele>702.271556</ele>
        <time>2026-04-20T20:41:17.845Z</time>
      </trkpt>
      <trkpt lat="47.951881" lon="11.424949">
        <ele>701.515119</ele>
        <time>2026-04-20T20:42:49.120Z</time>
      </trkpt>
      <trkpt lat="47.951501" lon="11.424677">
        <ele>700.632499</ele>
        <time>2026-04-20T20:43:32.607Z</time>
      </trkpt>
      <trkpt lat="47.950852" lon="11.424319">
        <ele>699.183406</ele>
        <time>2026-04-20T20:44:44.993Z</time>
      </trkpt>
      <trkpt lat="47.950656" lon="11.425353">
        <ele>697.101871</ele>
        <time>2026-04-20T20:46:01.332Z</time>
      </trkpt>
      <trkpt lat="47.950477" lon="11.425290">
        <ele>696.395776</ele>
        <time>2026-04-20T20:46:21.352Z</time>
      </trkpt>
      <trkpt lat="47.950250" lon="11.425273">
        <ele>695.523129</ele>
        <time>2026-04-20T20:46:46.334Z</time>
      </trkpt>
      <trkpt lat="47.950020" lon="11.425299">
        <ele>694.637532</ele>
        <time>2026-04-20T20:47:11.902Z</time>
      </trkpt>
      <trkpt lat="47.949802" lon="11.425329">
        <ele>693.796987</ele>
        <time>2026-04-20T20:47:36.015Z</time>
      </trkpt>
      <trkpt lat="47.949013" lon="11.425271">
        <ele>691.232159</ele>
        <time>2026-04-20T20:49:01.173Z</time>
      </trkpt>
      <trkpt lat="47.948345" lon="11.425037">
        <ele>690.371755</ele>
        <time>2026-04-20T20:50:12.653Z</time>
      </trkpt>
      <trkpt lat="47.947528" lon="11.424706">
        <ele>689.310205</ele>
        <time>2026-04-20T20:51:37.540Z</time>
      </trkpt>
      <trkpt lat="47.947168" lon="11.424409">
        <ele>689.409825</ele>
        <time>2026-04-20T20:52:18.861Z</time>
      </trkpt>
      <trkpt lat="47.947094" lon="11.424388">
        <ele>689.457375</ele>
        <time>2026-04-20T20:52:26.437Z</time>
      </trkpt>
      <trkpt lat="47.947168" lon="11.424409">
        <ele>689.504925</ele>
        <time>2026-04-20T20:52:34.119Z</time>
      </trkpt>
      <trkpt lat="47.947062" lon="11.424061">
        <ele>689.666570</ele>
        <time>2026-04-20T20:52:59.891Z</time>
      </trkpt>
      <trkpt lat="47.946839" lon="11.423505">
        <ele>689.940589</ele>
        <time>2026-04-20T20:53:43.503Z</time>
      </trkpt>
      <trkpt lat="47.945770" lon="11.421427">
        <ele>693.036057</ele>
        <time>2026-04-20T20:56:49.079Z</time>
      </trkpt>
      <trkpt lat="47.945626" lon="11.421007">
        <ele>693.794616</ele>
        <time>2026-04-20T20:57:24.985Z</time>
      </trkpt>
      <trkpt lat="47.945540" lon="11.420623">
        <ele>694.445577</ele>
        <time>2026-04-20T20:57:55.996Z</time>
      </trkpt>
      <trkpt lat="47.945235" lon="11.419598">
        <ele>695.036328</ele>
        <time>2026-04-20T20:59:20.162Z</time>
      </trkpt>
      <trkpt lat="47.945040" lon="11.419043">
        <ele>695.276802</ele>
        <time>2026-04-20T21:00:03.798Z</time>
      </trkpt>
      <trkpt lat="47.944906" lon="11.418569">
        <ele>695.474213</ele>
        <time>2026-04-20T21:00:39.117Z</time>
      </trkpt>
      <trkpt lat="47.944894" lon="11.418411">
        <ele>695.535227</ele>
        <time>2026-04-20T21:00:50.190Z</time>
      </trkpt>
      <trkpt lat="47.944888" lon="11.417890">
        <ele>695.378203</ele>
        <time>2026-04-20T21:01:27.290Z</time>
      </trkpt>
      <trkpt lat="47.944903" lon="11.417730">
        <ele>694.984871</ele>
        <time>2026-04-20T21:01:38.929Z</time>
      </trkpt>
      <trkpt lat="47.945023" lon="11.416822">
        <ele>692.731644</ele>
        <time>2026-04-20T21:02:46.629Z</time>
      </trkpt>
      <trkpt lat="47.945058" lon="11.416343">
        <ele>691.558557</ele>
        <time>2026-04-20T21:03:22.120Z</time>
      </trkpt>
      <trkpt lat="47.945062" lon="11.415828">
        <ele>690.304658</ele>
        <time>2026-04-20T21:03:59.645Z</time>
      </trkpt>
      <trkpt lat="47.945014" lon="11.415373">
        <ele>689.183265</ele>
        <time>2026-04-20T21:04:32.534Z</time>
      </trkpt>
      <trkpt lat="47.945010" lon="11.415333">
        <ele>689.141143</ele>
        <time>2026-04-20T21:04:35.412Z</time>
      </trkpt>
      <trkpt lat="47.945006" lon="11.415299">
        <ele>689.130544</ele>
        <time>2026-04-20T21:04:37.895Z</time>
      </trkpt>
      <trkpt lat="47.944965" lon="11.415060">
        <ele>689.054799</ele>
        <time>2026-04-20T21:04:55.132Z</time>
      </trkpt>
      <trkpt lat="47.944891" lon="11.414665">
        <ele>688.928872</ele>
        <time>2026-04-20T21:05:23.290Z</time>
      </trkpt>
      <trkpt lat="47.944839" lon="11.414499">
        <ele>688.872609</ele>
        <time>2026-04-20T21:05:35.648Z</time>
      </trkpt>
      <trkpt lat="47.944486" lon="11.414083">
        <ele>688.666477</ele>
        <time>2026-04-20T21:06:21.150Z</time>
      </trkpt>
      <trkpt lat="47.944207" lon="11.413744">
        <ele>688.501596</ele>
        <time>2026-04-20T21:06:58.869Z</time>
      </trkpt>
      <trkpt lat="47.944126" lon="11.413643">
        <ele>688.453223</ele>
        <time>2026-04-20T21:07:09.962Z</time>
      </trkpt>
      <trkpt lat="47.943874" lon="11.413465">
        <ele>688.325444</ele>
        <time>2026-04-20T21:07:38.762Z</time>
      </trkpt>
      <trkpt lat="47.943669" lon="11.413379">
        <ele>687.437620</ele>
        <time>2026-04-20T21:08:00.131Z</time>
      </trkpt>
      <trkpt lat="47.943604" lon="11.413370">
        <ele>687.164026</ele>
        <time>2026-04-20T21:08:06.761Z</time>
      </trkpt>
      <trkpt lat="47.943593" lon="11.412923">
        <ele>685.908235</ele>
        <time>2026-04-20T21:08:37.667Z</time>
      </trkpt>
      <trkpt lat="47.943611" lon="11.412771">
        <ele>685.474880</ele>
        <time>2026-04-20T21:08:48.635Z</time>
      </trkpt>
      <trkpt lat="47.943701" lon="11.412457">
        <ele>684.516021</ele>
        <time>2026-04-20T21:09:13.130Z</time>
      </trkpt>
      <trkpt lat="47.943905" lon="11.410979">
        <ele>679.527111</ele>
        <time>2026-04-20T21:11:07.855Z</time>
      </trkpt>
      <trkpt lat="47.944029" lon="11.410127">
        <ele>673.448052</ele>
        <time>2026-04-20T21:12:17.266Z</time>
      </trkpt>
      <trkpt lat="47.944111" lon="11.409282">
        <ele>667.494906</ele>
        <time>2026-04-20T21:13:27.115Z</time>
      </trkpt>
      <trkpt lat="47.944183" lon="11.408587">
        <ele>662.591515</ele>
        <time>2026-04-20T21:14:25.630Z</time>
      </trkpt>
      <trkpt lat="47.944151" lon="11.408397">
        <ele>661.266446</ele>
        <time>2026-04-20T21:14:42.010Z</time>
      </trkpt>
      <trkpt lat="47.944236" lon="11.407870">
        <ele>657.671208</ele>
        <time>2026-04-20T21:15:27.004Z</time>
      </trkpt>
      <trkpt lat="47.944252" lon="11.407540">
        <ele>655.476752</ele>
        <time>2026-04-20T21:15:54.338Z</time>
      </trkpt>
      <trkpt lat="47.944226" lon="11.406720">
        <ele>650.031997</ele>
        <time>2026-04-20T21:17:00.884Z</time>
      </trkpt>
      <trkpt lat="47.944216" lon="11.406361">
        <ele>647.648865</ele>
        <time>2026-04-20T21:17:29.196Z</time>
      </trkpt>
      <trkpt lat="47.944247" lon="11.405914">
        <ele>644.668281</ele>
        <time>2026-04-20T21:18:03.725Z</time>
      </trkpt>
      <trkpt lat="47.944386" lon="11.405074">
        <ele>642.920878</ele>
        <time>2026-04-20T21:19:08.232Z</time>
      </trkpt>
      <trkpt lat="47.944553" lon="11.404267">
        <ele>641.516918</ele>
        <time>2026-04-20T21:20:06.739Z</time>
      </trkpt>
      <trkpt lat="47.944715" lon="11.403752">
        <ele>640.571189</ele>
        <time>2026-04-20T21:20:44.999Z</time>
      </trkpt>
      <trkpt lat="47.944570" lon="11.403818">
        <ele>640.195023</ele>
        <time>2026-04-20T21:21:00.196Z</time>
      </trkpt>
      <trkpt lat="47.944492" lon="11.403896">
        <ele>639.962057</ele>
        <time>2026-04-20T21:21:09.660Z</time>
      </trkpt>
      <trkpt lat="47.944308" lon="11.404099">
        <ele>639.900706</ele>
        <time>2026-04-20T21:21:32.852Z</time>
      </trkpt>
      <trkpt lat="47.944216" lon="11.404071">
        <ele>639.964064</ele>
        <time>2026-04-20T21:21:42.337Z</time>
      </trkpt>
      <trkpt lat="47.944045" lon="11.403953">
        <ele>640.091185</ele>
        <time>2026-04-20T21:22:01.949Z</time>
      </trkpt>
      <trkpt lat="47.943747" lon="11.403274">
        <ele>640.458113</ele>
        <time>2026-04-20T21:22:59.848Z</time>
      </trkpt>
      <trkpt lat="47.943080" lon="11.402386">
        <ele>641.031799</ele>
        <time>2026-04-20T21:24:29.897Z</time>
      </trkpt>
      <trkpt lat="47.942585" lon="11.401442">
        <ele>641.284316</ele>
        <time>2026-04-20T21:25:51.404Z</time>
      </trkpt>
      <trkpt lat="47.941170" lon="11.399294">
        <ele>641.984628</ele>
        <time>2026-04-20T21:29:15.598Z</time>
      </trkpt>
      <trkpt lat="47.941012" lon="11.398823">
        <ele>642.116596</ele>
        <time>2026-04-20T21:29:50.889Z</time>
      </trkpt>
      <trkpt lat="47.940879" lon="11.398335">
        <ele>642.253366</ele>
        <time>2026-04-20T21:30:26.670Z</time>
      </trkpt>
      <trkpt lat="47.940789" lon="11.397479">
        <ele>642.717982</ele>
        <time>2026-04-20T21:31:27.668Z</time>
      </trkpt>
      <trkpt lat="47.940759" lon="11.397343">
        <ele>642.794758</ele>
        <time>2026-04-20T21:31:37.595Z</time>
      </trkpt>
      <trkpt lat="47.940669" lon="11.397177">
        <ele>642.909269</ele>
        <time>2026-04-20T21:31:52.353Z</time>
      </trkpt>
      <trkpt lat="47.940206" lon="11.396928">
        <ele>643.303189</ele>
        <time>2026-04-20T21:32:42.174Z</time>
      </trkpt>
      <trkpt lat="47.939987" lon="11.396723">
        <ele>643.510099</ele>
        <time>2026-04-20T21:33:08.737Z</time>
      </trkpt>
      <trkpt lat="47.939552" lon="11.396511">
        <ele>643.944236</ele>
        <time>2026-04-20T21:33:56.636Z</time>
      </trkpt>
      <trkpt lat="47.939310" lon="11.396384">
        <ele>644.222027</ele>
        <time>2026-04-20T21:34:23.046Z</time>
      </trkpt>
      <trkpt lat="47.939179" lon="11.396319">
        <ele>644.371522</ele>
        <time>2026-04-20T21:34:36.977Z</time>
      </trkpt>
      <trkpt lat="47.939032" lon="11.396309">
        <ele>644.530876</ele>
        <time>2026-04-20T21:34:51.815Z</time>
      </trkpt>
      <trkpt lat="47.938713" lon="11.396333">
        <ele>644.876767</ele>
        <time>2026-04-20T21:35:24.011Z</time>
      </trkpt>
      <trkpt lat="47.938555" lon="11.396313">
        <ele>645.048482</ele>
        <time>2026-04-20T21:35:40.212Z</time>
      </trkpt>
      <trkpt lat="47.938279" lon="11.396172">
        <ele>645.364389</ele>
        <time>2026-04-20T21:36:10.686Z</time>
      </trkpt>
      <trkpt lat="47.938081" lon="11.396170">
        <ele>645.578812</ele>
        <time>2026-04-20T21:36:31.929Z</time>
      </trkpt>
      <trkpt lat="47.936460" lon="11.396630">
        <ele>649.630003</ele>
        <time>2026-04-20T21:39:33.882Z</time>
      </trkpt>
      <trkpt lat="47.936236" lon="11.396760">
        <ele>650.141503</ele>
        <time>2026-04-20T21:39:59.814Z</time>
      </trkpt>
      <trkpt lat="47.936118" lon="11.396841">
        <ele>650.196261</ele>
        <time>2026-04-20T21:40:13.604Z</time>
      </trkpt>
      <trkpt lat="47.935826" lon="11.396854">
        <ele>650.319423</ele>
        <time>2026-04-20T21:40:44.104Z</time>
      </trkpt>
      <trkpt lat="47.935364" lon="11.397032">
        <ele>650.520587</ele>
        <time>2026-04-20T21:41:33.034Z</time>
      </trkpt>
      <trkpt lat="47.935189" lon="11.397045">
        <ele>650.594459</ele>
        <time>2026-04-20T21:41:50.497Z</time>
      </trkpt>
      <trkpt lat="47.934990" lon="11.397197">
        <ele>650.688705</ele>
        <time>2026-04-20T21:42:13.154Z</time>
      </trkpt>
      <trkpt lat="47.934435" lon="11.397236">
        <ele>650.699825</ele>
        <time>2026-04-20T21:43:09.362Z</time>
      </trkpt>
      <trkpt lat="47.933320" lon="11.397313">
        <ele>648.618775</ele>
        <time>2026-04-20T21:45:04.334Z</time>
      </trkpt>
      <trkpt lat="47.933149" lon="11.396846">
        <ele>647.953985</ele>
        <time>2026-04-20T21:45:42.204Z</time>
      </trkpt>
      <trkpt lat="47.932673" lon="11.395714">
        <ele>645.713329</ele>
        <time>2026-04-20T21:47:17.953Z</time>
      </trkpt>
      <trkpt lat="47.932533" lon="11.395379">
        <ele>644.993646</ele>
        <time>2026-04-20T21:47:46.142Z</time>
      </trkpt>
      <trkpt lat="47.932428" lon="11.395198">
        <ele>644.557237</ele>
        <time>2026-04-20T21:48:03.162Z</time>
      </trkpt>
      <trkpt lat="47.932240" lon="11.394912">
        <ele>643.826913</ele>
        <time>2026-04-20T21:48:31.456Z</time>
      </trkpt>
      <trkpt lat="47.931959" lon="11.394734">
        <ele>642.996430</ele>
        <time>2026-04-20T21:49:03.256Z</time>
      </trkpt>
      <trkpt lat="47.931492" lon="11.394383">
        <ele>642.147019</ele>
        <time>2026-04-20T21:49:57.438Z</time>
      </trkpt>
      <trkpt lat="47.931021" lon="11.394113">
        <ele>641.515712</ele>
        <time>2026-04-20T21:50:49.460Z</time>
      </trkpt>
      <trkpt lat="47.930882" lon="11.394035">
        <ele>641.329904</ele>
        <time>2026-04-20T21:51:04.735Z</time>
      </trkpt>
      <trkpt lat="47.930524" lon="11.393975">
        <ele>640.879147</ele>
        <time>2026-04-20T21:51:41.557Z</time>
      </trkpt>
      <trkpt lat="47.930225" lon="11.393768">
        <ele>640.466737</ele>
        <time>2026-04-20T21:52:14.995Z</time>
      </trkpt>
      <trkpt lat="47.930190" lon="11.393744">
        <ele>640.418543</ele>
        <time>2026-04-20T21:52:18.980Z</time>
      </trkpt>
      <trkpt lat="47.930022" lon="11.393613">
        <ele>640.369335</ele>
        <time>2026-04-20T21:52:38.121Z</time>
      </trkpt>
      <trkpt lat="47.929451" lon="11.393201">
        <ele>640.309981</ele>
        <time>2026-04-20T21:53:41.806Z</time>
      </trkpt>
      <trkpt lat="47.929211" lon="11.393013">
        <ele>640.284616</ele>
        <time>2026-04-20T21:54:08.965Z</time>
      </trkpt>
      <trkpt lat="47.928937" lon="11.392800">
        <ele>640.255704</ele>
        <time>2026-04-20T21:54:39.945Z</time>
      </trkpt>
      <trkpt lat="47.928402" lon="11.392243">
        <ele>640.498488</ele>
        <time>2026-04-20T21:55:45.474Z</time>
      </trkpt>
      <trkpt lat="47.928190" lon="11.391896">
        <ele>640.884224</ele>
        <time>2026-04-20T21:56:17.442Z</time>
      </trkpt>
      <trkpt lat="47.927930" lon="11.391193">
        <ele>641.543823</ele>
        <time>2026-04-20T21:57:13.147Z</time>
      </trkpt>
      <trkpt lat="47.927749" lon="11.390738">
        <ele>641.978485</ele>
        <time>2026-04-20T21:57:50.905Z</time>
      </trkpt>
      <trkpt lat="47.927385" lon="11.389956">
        <ele>642.896935</ele>
        <time>2026-04-20T21:59:00.362Z</time>
      </trkpt>
      <trkpt lat="47.926873" lon="11.388565">
        <ele>644.724083</ele>
        <time>2026-04-20T22:00:54.963Z</time>
      </trkpt>
      <trkpt lat="47.926709" lon="11.388214">
        <ele>645.216726</ele>
        <time>2026-04-20T22:01:24.813Z</time>
      </trkpt>
      <trkpt lat="47.926716" lon="11.388041">
        <ele>645.416264</ele>
        <time>2026-04-20T22:01:36.716Z</time>
      </trkpt>
      <trkpt lat="47.926564" lon="11.387205">
        <ele>645.246732</ele>
        <time>2026-04-20T22:02:34.869Z</time>
      </trkpt>
      <trkpt lat="47.926563" lon="11.386986">
        <ele>645.172714</ele>
        <time>2026-04-20T22:02:49.782Z</time>
      </trkpt>
      <trkpt lat="47.926637" lon="11.386526">
        <ele>645.012830</ele>
        <time>2026-04-20T22:03:22.225Z</time>
      </trkpt>
      <trkpt lat="47.926822" lon="11.385869">
        <ele>644.771974</ele>
        <time>2026-04-20T22:04:11.018Z</time>
      </trkpt>
      <trkpt lat="47.926901" lon="11.384808">
        <ele>644.779425</ele>
        <time>2026-04-20T22:05:23.884Z</time>
      </trkpt>
      <trkpt lat="47.927043" lon="11.384388">
        <ele>644.923542</ele>
        <time>2026-04-20T22:05:55.683Z</time>
      </trkpt>
      <trkpt lat="47.927123" lon="11.384015">
        <ele>645.043521</ele>
        <time>2026-04-20T22:06:22.087Z</time>
      </trkpt>
      <trkpt lat="47.927166" lon="11.383194">
        <ele>645.295800</ele>
        <time>2026-04-20T22:07:19.067Z</time>
      </trkpt>
      <trkpt lat="47.927136" lon="11.382798">
        <ele>645.417886</ele>
        <time>2026-04-20T22:07:47.383Z</time>
      </trkpt>
      <trkpt lat="47.926960" lon="11.381391">
        <ele>647.389796</ele>
        <time>2026-04-20T22:09:31.705Z</time>
      </trkpt>
      <trkpt lat="47.926833" lon="11.379756">
        <ele>649.371865</ele>
        <time>2026-04-20T22:11:30.666Z</time>
      </trkpt>
      <trkpt lat="47.926724" lon="11.379404">
        <ele>649.572433</ele>
        <time>2026-04-20T22:11:57.337Z</time>
      </trkpt>
      <trkpt lat="47.926677" lon="11.379321">
        <ele>649.628640</ele>
        <time>2026-04-20T22:12:04.739Z</time>
      </trkpt>
      <trkpt lat="47.926319" lon="11.379303">
        <ele>649.905137</ele>
        <time>2026-04-20T22:12:41.147Z</time>
      </trkpt>
      <trkpt lat="47.925739" lon="11.379156">
        <ele>650.359250</ele>
        <time>2026-04-20T22:13:40.476Z</time>
      </trkpt>
      <trkpt lat="47.924140" lon="11.378848">
        <ele>650.593779</ele>
        <time>2026-04-20T22:16:24.573Z</time>
      </trkpt>
      <trkpt lat="47.923836" lon="11.378821">
        <ele>650.598796</ele>
        <time>2026-04-20T22:16:55.425Z</time>
      </trkpt>
      <trkpt lat="47.923546" lon="11.378752">
        <ele>650.495000</ele>
        <time>2026-04-20T22:17:25.514Z</time>
      </trkpt>
      <trkpt lat="47.923331" lon="11.378756">
        <ele>650.327451</ele>
        <time>2026-04-20T22:17:47.714Z</time>
      </trkpt>
      <trkpt lat="47.923121" lon="11.378708">
        <ele>650.161902</ele>
        <time>2026-04-20T22:18:09.667Z</time>
      </trkpt>
      <trkpt lat="47.922816" lon="11.378431">
        <ele>649.883678</ele>
        <time>2026-04-20T22:18:46.517Z</time>
      </trkpt>
      <trkpt lat="47.922506" lon="11.378020">
        <ele>649.560544</ele>
        <time>2026-04-20T22:19:29.028Z</time>
      </trkpt>
      <trkpt lat="47.922101" lon="11.377353">
        <ele>649.314328</ele>
        <time>2026-04-20T22:20:29.742Z</time>
      </trkpt>
      <trkpt lat="47.922024" lon="11.377272">
        <ele>649.391253</ele>
        <time>2026-04-20T22:20:39.569Z</time>
      </trkpt>
      <trkpt lat="47.921828" lon="11.377232">
        <ele>649.552784</ele>
        <time>2026-04-20T22:21:00.100Z</time>
      </trkpt>
      <trkpt lat="47.921098" lon="11.377330">
        <ele>650.151261</ele>
        <time>2026-04-20T22:22:16.705Z</time>
      </trkpt>
      <trkpt lat="47.921006" lon="11.377233">
        <ele>650.243243</ele>
        <time>2026-04-20T22:22:28.361Z</time>
      </trkpt>
      <trkpt lat="47.920706" lon="11.377099">
        <ele>650.498942</ele>
        <time>2026-04-20T22:23:00.749Z</time>
      </trkpt>
      <trkpt lat="47.920551" lon="11.377022">
        <ele>650.632335</ele>
        <time>2026-04-20T22:23:17.473Z</time>
      </trkpt>
      <trkpt lat="47.919716" lon="11.377153">
        <ele>651.311183</ele>
        <time>2026-04-20T22:24:42.342Z</time>
      </trkpt>
      <trkpt lat="47.919598" lon="11.377109">
        <ele>651.409470</ele>
        <time>2026-04-20T22:24:54.752Z</time>
      </trkpt>
      <trkpt lat="47.919332" lon="11.376817">
        <ele>651.676325</ele>
        <time>2026-04-20T22:25:28.936Z</time>
      </trkpt>
      <trkpt lat="47.918798" lon="11.376352">
        <ele>652.206946</ele>
        <time>2026-04-20T22:26:34.189Z</time>
      </trkpt>
      <trkpt lat="47.918586" lon="11.376314">
        <ele>652.478493</ele>
        <time>2026-04-20T22:26:56.336Z</time>
      </trkpt>
      <trkpt lat="47.918450" lon="11.376221">
        <ele>652.668747</ele>
        <time>2026-04-20T22:27:11.791Z</time>
      </trkpt>
      <trkpt lat="47.918262" lon="11.376196">
        <ele>652.908781</ele>
        <time>2026-04-20T22:27:31.202Z</time>
      </trkpt>
      <trkpt lat="47.918178" lon="11.376141">
        <ele>653.025440</ele>
        <time>2026-04-20T22:27:40.650Z</time>
      </trkpt>
      <trkpt lat="47.918017" lon="11.376115">
        <ele>653.231386</ele>
        <time>2026-04-20T22:27:57.212Z</time>
      </trkpt>
      <trkpt lat="47.917604" lon="11.375825">
        <ele>653.811867</ele>
        <time>2026-04-20T22:28:44.411Z</time>
      </trkpt>
      <trkpt lat="47.917030" lon="11.375554">
        <ele>654.865521</ele>
        <time>2026-04-20T22:29:47.589Z</time>
      </trkpt>
      <trkpt lat="47.915894" lon="11.374914">
        <ele>659.054304</ele>
        <time>2026-04-20T22:32:03.974Z</time>
      </trkpt>
      <trkpt lat="47.915204" lon="11.374522">
        <ele>661.592605</ele>
        <time>2026-04-20T22:33:29.993Z</time>
      </trkpt>
      <trkpt lat="47.914558" lon="11.374369">
        <ele>663.829233</ele>
        <time>2026-04-20T22:34:44.412Z</time>
      </trkpt>
      <trkpt lat="47.913346" lon="11.373854">
        <ele>667.624906</ele>
        <time>2026-04-20T22:37:02.339Z</time>
      </trkpt>
      <trkpt lat="47.912851" lon="11.373457">
        <ele>668.828453</ele>
        <time>2026-04-20T22:38:02.653Z</time>
      </trkpt>
      <trkpt lat="47.912363" lon="11.373322">
        <ele>669.891363</ele>
        <time>2026-04-20T22:38:55.751Z</time>
      </trkpt>
      <trkpt lat="47.912177" lon="11.373233">
        <ele>670.309684</ele>
        <time>2026-04-20T22:39:16.604Z</time>
      </trkpt>
      <trkpt lat="47.912061" lon="11.373209">
        <ele>670.560486</ele>
        <time>2026-04-20T22:39:29.096Z</time>
      </trkpt>
      <trkpt lat="47.911158" lon="11.372807">
        <ele>672.399126</ele>
        <time>2026-04-20T22:41:09.476Z</time>
      </trkpt>
      <trkpt lat="47.910947" lon="11.372679">
        <ele>672.842315</ele>
        <time>2026-04-20T22:41:33.884Z</time>
      </trkpt>
      <trkpt lat="47.910729" lon="11.372488">
        <ele>673.334218</ele>
        <time>2026-04-20T22:42:01.113Z</time>
      </trkpt>
      <trkpt lat="47.910550" lon="11.372277">
        <ele>673.778097</ele>
        <time>2026-04-20T22:42:25.688Z</time>
      </trkpt>
      <trkpt lat="47.910122" lon="11.371690">
        <ele>674.359646</ele>
        <time>2026-04-20T22:43:28.317Z</time>
      </trkpt>
      <trkpt lat="47.909570" lon="11.371019">
        <ele>674.785248</ele>
        <time>2026-04-20T22:44:43.474Z</time>
      </trkpt>
      <trkpt lat="47.909387" lon="11.370931">
        <ele>674.900173</ele>
        <time>2026-04-20T22:45:03.292Z</time>
      </trkpt>
      <trkpt lat="47.908264" lon="11.370724">
        <ele>672.041651</ele>
        <time>2026-04-20T22:47:00.990Z</time>
      </trkpt>
      <trkpt lat="47.908169" lon="11.370731">
        <ele>671.577193</ele>
        <time>2026-04-20T22:47:11.449Z</time>
      </trkpt>
      <trkpt lat="47.908052" lon="11.370480">
        <ele>670.576490</ele>
        <time>2026-04-20T22:47:34.197Z</time>
      </trkpt>
      <trkpt lat="47.907851" lon="11.370171">
        <ele>669.167115</ele>
        <time>2026-04-20T22:48:06.692Z</time>
      </trkpt>
      <trkpt lat="47.907687" lon="11.369688">
        <ele>667.394876</ele>
        <time>2026-04-20T22:48:48.342Z</time>
      </trkpt>
      <trkpt lat="47.907506" lon="11.369562">
        <ele>666.419545</ele>
        <time>2026-04-20T22:49:11.677Z</time>
      </trkpt>
      <trkpt lat="47.907175" lon="11.369361">
        <ele>664.633314</ele>
        <time>2026-04-20T22:49:53.325Z</time>
      </trkpt>
      <trkpt lat="47.906845" lon="11.369159">
        <ele>662.850168</ele>
        <time>2026-04-20T22:50:34.028Z</time>
      </trkpt>
      <trkpt lat="47.906785" lon="11.369058">
        <ele>662.397935</ele>
        <time>2026-04-20T22:50:44.152Z</time>
      </trkpt>
      <trkpt lat="47.906769" lon="11.368924">
        <ele>661.941830</ele>
        <time>2026-04-20T22:50:54.277Z</time>
      </trkpt>
      <trkpt lat="47.906289" lon="11.368782">
        <ele>659.495584</ele>
        <time>2026-04-20T22:51:47.365Z</time>
      </trkpt>
      <trkpt lat="47.905916" lon="11.368588">
        <ele>657.520876</ele>
        <time>2026-04-20T22:52:29.127Z</time>
      </trkpt>
      <trkpt lat="47.905280" lon="11.368381">
        <ele>657.467139</ele>
        <time>2026-04-20T22:53:35.369Z</time>
      </trkpt>
      <trkpt lat="47.905015" lon="11.368378">
        <ele>657.488361</ele>
        <time>2026-04-20T22:54:02.007Z</time>
      </trkpt>
      <trkpt lat="47.904645" lon="11.368440">
        <ele>657.518178</ele>
        <time>2026-04-20T22:54:39.554Z</time>
      </trkpt>
      <trkpt lat="47.904166" lon="11.368463">
        <ele>657.556558</ele>
        <time>2026-04-20T22:55:29.499Z</time>
      </trkpt>
      <trkpt lat="47.904122" lon="11.368427">
        <ele>657.560576</ele>
        <time>2026-04-20T22:55:34.954Z</time>
      </trkpt>
      <trkpt lat="47.904170" lon="11.367884">
        <ele>658.495879</ele>
        <time>2026-04-20T22:56:15.125Z</time>
      </trkpt>
      <trkpt lat="47.904175" lon="11.367799">
        <ele>658.642269</ele>
        <time>2026-04-20T22:56:21.513Z</time>
      </trkpt>
      <trkpt lat="47.904202" lon="11.367429">
        <ele>659.280809</ele>
        <time>2026-04-20T22:56:49.096Z</time>
      </trkpt>
      <trkpt lat="47.904161" lon="11.366989">
        <ele>660.042952</ele>
        <time>2026-04-20T22:57:21.704Z</time>
      </trkpt>
      <trkpt lat="47.904122" lon="11.366913">
        <ele>660.207158</ele>
        <time>2026-04-20T22:57:28.733Z</time>
      </trkpt>
      <trkpt lat="47.904052" lon="11.366779">
        <ele>660.498614</ele>
        <time>2026-04-20T22:57:41.098Z</time>
      </trkpt>
      <trkpt lat="47.903687" lon="11.366507">
        <ele>661.542817</ele>
        <time>2026-04-20T22:58:26.176Z</time>
      </trkpt>
      <trkpt lat="47.903548" lon="11.366459">
        <ele>661.907961</ele>
        <time>2026-04-20T22:58:42.252Z</time>
      </trkpt>
      <trkpt lat="47.903416" lon="11.366465">
        <ele>662.180783</ele>
        <time>2026-04-20T22:58:57.118Z</time>
      </trkpt>
      <trkpt lat="47.903324" lon="11.366459">
        <ele>662.229306</ele>
        <time>2026-04-20T22:59:07.439Z</time>
      </trkpt>
      <trkpt lat="47.903180" lon="11.366433">
        <ele>662.305738</ele>
        <time>2026-04-20T22:59:23.284Z</time>
      </trkpt>
      <trkpt lat="47.903193" lon="11.366339">
        <ele>662.339642</ele>
        <time>2026-04-20T22:59:30.160Z</time>
      </trkpt>
      <trkpt lat="47.903253" lon="11.365903">
        <ele>662.496869</ele>
        <time>2026-04-20T23:00:01.480Z</time>
      </trkpt>
      <trkpt lat="47.903391" lon="11.365589">
        <ele>662.629498</ele>
        <time>2026-04-20T23:00:27.393Z</time>
      </trkpt>
      <trkpt lat="47.903506" lon="11.365365">
        <ele>662.729163</ele>
        <time>2026-04-20T23:00:46.679Z</time>
      </trkpt>
      <trkpt lat="47.903604" lon="11.365197">
        <ele>662.807829</ele>
        <time>2026-04-20T23:01:01.674Z</time>
      </trkpt>
      <trkpt lat="47.903791" lon="11.364862">
        <ele>662.961818</ele>
        <time>2026-04-20T23:01:31.150Z</time>
      </trkpt>
      <trkpt lat="47.903980" lon="11.364632">
        <ele>663.090344</ele>
        <time>2026-04-20T23:01:56.106Z</time>
      </trkpt>
      <trkpt lat="47.904083" lon="11.364535">
        <ele>662.867426</ele>
        <time>2026-04-20T23:02:08.801Z</time>
      </trkpt>
      <trkpt lat="47.904435" lon="11.364328">
        <ele>661.731973</ele>
        <time>2026-04-20T23:02:48.987Z</time>
      </trkpt>
      <trkpt lat="47.904434" lon="11.364223">
        <ele>661.520719</ele>
        <time>2026-04-20T23:02:56.684Z</time>
      </trkpt>
      <trkpt lat="47.904508" lon="11.364113">
        <ele>661.207215</ele>
        <time>2026-04-20T23:03:07.960Z</time>
      </trkpt>
      <trkpt lat="47.904658" lon="11.364040">
        <ele>660.733723</ele>
        <time>2026-04-20T23:03:25.042Z</time>
      </trkpt>
      <trkpt lat="47.904931" lon="11.363262">
        <ele>658.967147</ele>
        <time>2026-04-20T23:04:28.404Z</time>
      </trkpt>
      <trkpt lat="47.905245" lon="11.362148">
        <ele>657.191967</ele>
        <time>2026-04-20T23:05:54.679Z</time>
      </trkpt>
      <trkpt lat="47.905331" lon="11.362032">
        <ele>657.037767</ele>
        <time>2026-04-20T23:06:06.719Z</time>
      </trkpt>
      <trkpt lat="47.905369" lon="11.361913">
        <ele>656.920251</ele>
        <time>2026-04-20T23:06:15.838Z</time>
      </trkpt>
      <trkpt lat="47.905427" lon="11.361700">
        <ele>656.715282</ele>
        <time>2026-04-20T23:06:31.634Z</time>
      </trkpt>
      <trkpt lat="47.905449" lon="11.361459">
        <ele>656.498436</ele>
        <time>2026-04-20T23:06:48.241Z</time>
      </trkpt>
      <trkpt lat="47.905447" lon="11.361128">
        <ele>656.203322</ele>
        <time>2026-04-20T23:07:10.665Z</time>
      </trkpt>
      <trkpt lat="47.905375" lon="11.360537">
        <ele>655.667787</ele>
        <time>2026-04-20T23:07:51.048Z</time>
      </trkpt>
      <trkpt lat="47.905372" lon="11.360154">
        <ele>655.326301</ele>
        <time>2026-04-20T23:08:16.778Z</time>
      </trkpt>
      <trkpt lat="47.905428" lon="11.359035">
        <ele>653.568743</ele>
        <time>2026-04-20T23:09:33.376Z</time>
      </trkpt>
      <trkpt lat="47.905502" lon="11.359059">
        <ele>653.391465</ele>
        <time>2026-04-20T23:09:41.253Z</time>
      </trkpt>
      <trkpt lat="47.905512" lon="11.358765">
        <ele>652.929506</ele>
        <time>2026-04-20T23:10:02.001Z</time>
      </trkpt>
      <trkpt lat="47.905491" lon="11.358530">
        <ele>652.557464</ele>
        <time>2026-04-20T23:10:18.855Z</time>
      </trkpt>
      <trkpt lat="47.905420" lon="11.358275">
        <ele>652.124155</ele>
        <time>2026-04-20T23:10:38.691Z</time>
      </trkpt>
      <trkpt lat="47.905418" lon="11.358117">
        <ele>651.876166</ele>
        <time>2026-04-20T23:10:50.104Z</time>
      </trkpt>
      <trkpt lat="47.905481" lon="11.357991">
        <ele>651.629494</ele>
        <time>2026-04-20T23:11:01.556Z</time>
      </trkpt>
      <trkpt lat="47.905900" lon="11.357591">
        <ele>650.355080</ele>
        <time>2026-04-20T23:11:56.048Z</time>
      </trkpt>
      <trkpt lat="47.906441" lon="11.356905">
        <ele>648.410320</ele>
        <time>2026-04-20T23:13:13.500Z</time>
      </trkpt>
      <trkpt lat="47.906602" lon="11.356665">
        <ele>647.786919</ele>
        <time>2026-04-20T23:13:37.622Z</time>
      </trkpt>
      <trkpt lat="47.906788" lon="11.356289">
        <ele>646.928946</ele>
        <time>2026-04-20T23:14:10.054Z</time>
      </trkpt>
      <trkpt lat="47.907113" lon="11.355252">
        <ele>647.404753</ele>
        <time>2026-04-20T23:15:28.673Z</time>
      </trkpt>
      <trkpt lat="47.907165" lon="11.355057">
        <ele>647.750918</ele>
        <time>2026-04-20T23:15:43.988Z</time>
      </trkpt>
      <trkpt lat="47.907212" lon="11.353233">
        <ele>650.503462</ele>
        <time>2026-04-20T23:18:02.916Z</time>
      </trkpt>
      <trkpt lat="47.907328" lon="11.352405">
        <ele>649.511157</ele>
        <time>2026-04-20T23:19:04.500Z</time>
      </trkpt>
      <trkpt lat="47.907574" lon="11.351925">
        <ele>648.802360</ele>
        <time>2026-04-20T23:19:46.515Z</time>
      </trkpt>
      <trkpt lat="47.907731" lon="11.351619">
        <ele>648.350316</ele>
        <time>2026-04-20T23:20:14.446Z</time>
      </trkpt>
      <trkpt lat="47.907845" lon="11.350838">
        <ele>647.340187</ele>
        <time>2026-04-20T23:21:14.460Z</time>
      </trkpt>
      <trkpt lat="47.907826" lon="11.350537">
        <ele>646.476499</ele>
        <time>2026-04-20T23:21:37.859Z</time>
      </trkpt>
      <trkpt lat="47.907804" lon="11.350176">
        <ele>645.440957</ele>
        <time>2026-04-20T23:22:06.033Z</time>
      </trkpt>
      <trkpt lat="47.907921" lon="11.348866">
        <ele>641.665536</ele>
        <time>2026-04-20T23:23:44.808Z</time>
      </trkpt>
      <trkpt lat="47.908471" lon="11.345889">
        <ele>639.755114</ele>
        <time>2026-04-20T23:27:15.978Z</time>
      </trkpt>
      <trkpt lat="47.908233" lon="11.345581">
        <ele>639.280445</ele>
        <time>2026-04-20T23:27:47.878Z</time>
      </trkpt>
      <trkpt lat="47.908442" lon="11.344286">
        <ele>636.445561</ele>
        <time>2026-04-20T23:29:21.608Z</time>
      </trkpt>
      <trkpt lat="47.908593" lon="11.343862">
        <ele>635.423721</ele>
        <time>2026-04-20T23:29:56.604Z</time>
      </trkpt>
      <trkpt lat="47.908996" lon="11.342998">
        <ele>632.366248</ele>
        <time>2026-04-20T23:31:15.096Z</time>
      </trkpt>
      <trkpt lat="47.909099" lon="11.342524">
        <ele>630.293826</ele>
        <time>2026-04-20T23:31:52.886Z</time>
      </trkpt>
      <trkpt lat="47.909194" lon="11.341714">
        <ele>626.873771</ele>
        <time>2026-04-20T23:32:55.721Z</time>
      </trkpt>
      <trkpt lat="47.909313" lon="11.340176">
        <ele>621.250774</ele>
        <time>2026-04-20T23:34:52.905Z</time>
      </trkpt>
      <trkpt lat="47.909270" lon="11.339990">
        <ele>620.705599</ele>
        <time>2026-04-20T23:35:07.282Z</time>
      </trkpt>
      <trkpt lat="47.909088" lon="11.339835">
        <ele>619.839299</ele>
        <time>2026-04-20T23:35:29.820Z</time>
      </trkpt>
      <trkpt lat="47.908416" lon="11.339567">
        <ele>616.963875</ele>
        <time>2026-04-20T23:36:43.539Z</time>
      </trkpt>
      <trkpt lat="47.908219" lon="11.339578">
        <ele>616.148957</ele>
        <time>2026-04-20T23:37:04.507Z</time>
      </trkpt>
      <trkpt lat="47.908143" lon="11.339613">
        <ele>615.820164</ele>
        <time>2026-04-20T23:37:12.929Z</time>
      </trkpt>
      <trkpt lat="47.907828" lon="11.339937">
        <ele>613.852009</ele>
        <time>2026-04-20T23:37:53.786Z</time>
      </trkpt>
      <trkpt lat="47.907680" lon="11.339370">
        <ele>611.625665</ele>
        <time>2026-04-20T23:38:38.544Z</time>
      </trkpt>
      <trkpt lat="47.907444" lon="11.338135">
        <ele>606.926856</ele>
        <time>2026-04-20T23:40:16.167Z</time>
      </trkpt>
      <trkpt lat="47.907162" lon="11.335913">
        <ele>598.862270</ele>
        <time>2026-04-20T23:43:07.315Z</time>
      </trkpt>
      <trkpt lat="47.907122" lon="11.335644">
        <ele>597.884443</ele>
        <time>2026-04-20T23:43:27.274Z</time>
      </trkpt>
      <trkpt lat="47.906255" lon="11.335286">
        <ele>595.007734</ele>
        <time>2026-04-20T23:45:02.229Z</time>
      </trkpt>
      <trkpt lat="47.906025" lon="11.335226">
        <ele>594.553091</ele>
        <time>2026-04-20T23:45:26.253Z</time>
      </trkpt>
      <trkpt lat="47.905583" lon="11.335175">
        <ele>593.689876</ele>
        <time>2026-04-20T23:46:11.755Z</time>
      </trkpt>
      <trkpt lat="47.905061" lon="11.335013">
        <ele>592.651696</ele>
        <time>2026-04-20T23:47:06.761Z</time>
      </trkpt>
      <trkpt lat="47.904363" lon="11.334769">
        <ele>591.251871</ele>
        <time>2026-04-20T23:48:21.030Z</time>
      </trkpt>
      <trkpt lat="47.903776" lon="11.334665">
        <ele>590.097532</ele>
        <time>2026-04-20T23:49:22.805Z</time>
      </trkpt>
      <trkpt lat="47.903515" lon="11.334514">
        <ele>589.550865</ele>
        <time>2026-04-20T23:49:52.100Z</time>
      </trkpt>
      <trkpt lat="47.903287" lon="11.334461">
        <ele>589.100257</ele>
        <time>2026-04-20T23:50:16.215Z</time>
      </trkpt>
      <trkpt lat="47.903136" lon="11.334499">
        <ele>588.853609</ele>
        <time>2026-04-20T23:50:32.204Z</time>
      </trkpt>
      <trkpt lat="47.902864" lon="11.334047">
        <ele>588.202577</ele>
        <time>2026-04-20T23:51:14.862Z</time>
      </trkpt>
      <trkpt lat="47.902715" lon="11.333837">
        <ele>587.874830</ele>
        <time>2026-04-20T23:51:36.366Z</time>
      </trkpt>
      <trkpt lat="47.902675" lon="11.333787">
        <ele>587.791390</ele>
        <time>2026-04-20T23:51:41.835Z</time>
      </trkpt>
      <trkpt lat="47.902559" lon="11.333730">
        <ele>587.596120</ele>
        <time>2026-04-20T23:51:54.501Z</time>
      </trkpt>
      <trkpt lat="47.902460" lon="11.333681">
        <ele>587.429348</ele>
        <time>2026-04-20T23:52:05.292Z</time>
      </trkpt>
      <trkpt lat="47.902435" lon="11.333668">
        <ele>587.387017</ele>
        <time>2026-04-20T23:52:08.071Z</time>
      </trkpt>
      <trkpt lat="47.902155" lon="11.333588">
        <ele>586.931202</ele>
        <time>2026-04-20T23:52:37.449Z</time>
      </trkpt>
      <trkpt lat="47.901656" lon="11.333505">
        <ele>586.215101</ele>
        <time>2026-04-20T23:53:28.515Z</time>
      </trkpt>
      <trkpt lat="47.901149" lon="11.333627">
        <ele>586.220747</ele>
        <time>2026-04-20T23:54:20.230Z</time>
      </trkpt>
      <trkpt lat="47.898977" lon="11.334234">
        <ele>586.309333</ele>
        <time>2026-04-20T23:58:03.462Z</time>
      </trkpt>
      <trkpt lat="47.898547" lon="11.334316">
        <ele>586.342581</ele>
        <time>2026-04-20T23:58:47.035Z</time>
      </trkpt>
      <trkpt lat="47.898201" lon="11.334430">
        <ele>586.369757</ele>
        <time>2026-04-20T23:59:22.667Z</time>
      </trkpt>
      <trkpt lat="47.896867" lon="11.334702">
        <ele>586.252992</ele>
        <time>2026-04-21T00:01:37.868Z</time>
      </trkpt>
      <trkpt lat="47.896140" lon="11.334777">
        <ele>586.137308</ele>
        <time>2026-04-21T00:02:51.273Z</time>
      </trkpt>
      <trkpt lat="47.895174" lon="11.334719">
        <ele>585.853411</ele>
        <time>2026-04-21T00:04:29.323Z</time>
      </trkpt>
      <trkpt lat="47.892314" lon="11.334271">
        <ele>585.686123</ele>
        <time>2026-04-21T00:09:18.233Z</time>
      </trkpt>
      <trkpt lat="47.891859" lon="11.334202">
        <ele>585.557649</ele>
        <time>2026-04-21T00:10:04.346Z</time>
      </trkpt>
      <trkpt lat="47.890502" lon="11.334077">
        <ele>585.176272</ele>
        <time>2026-04-21T00:12:21.483Z</time>
      </trkpt>
      <trkpt lat="47.890316" lon="11.334060">
        <ele>585.124126</ele>
        <time>2026-04-21T00:12:40.430Z</time>
      </trkpt>
      <trkpt lat="47.889879" lon="11.333944">
        <ele>584.999917</ele>
        <time>2026-04-21T00:13:25.523Z</time>
      </trkpt>
      <trkpt lat="47.889314" lon="11.333660">
        <ele>584.833072</ele>
        <time>2026-04-21T00:14:25.185Z</time>
      </trkpt>
      <trkpt lat="47.888973" lon="11.333426">
        <ele>585.064042</ele>
        <time>2026-04-21T00:15:03.098Z</time>
      </trkpt>
      <trkpt lat="47.888648" lon="11.333292">
        <ele>585.334070</ele>
        <time>2026-04-21T00:15:37.390Z</time>
      </trkpt>
      <trkpt lat="47.888407" lon="11.333270">
        <ele>585.527427</ele>
        <time>2026-04-21T00:16:02.289Z</time>
      </trkpt>
      <trkpt lat="47.886875" lon="11.333505">
        <ele>586.863556</ele>
        <time>2026-04-21T00:18:43.021Z</time>
      </trkpt>
      <trkpt lat="47.885406" lon="11.333467">
        <ele>588.237802</ele>
        <time>2026-04-21T00:21:14.219Z</time>
      </trkpt>
      <trkpt lat="47.885058" lon="11.333518">
        <ele>588.526450</ele>
        <time>2026-04-21T00:21:50.743Z</time>
      </trkpt>
      <trkpt lat="47.884915" lon="11.333623">
        <ele>588.658027</ele>
        <time>2026-04-21T00:22:07.393Z</time>
      </trkpt>
      <trkpt lat="47.884681" lon="11.333736">
        <ele>588.861063</ele>
        <time>2026-04-21T00:22:33.144Z</time>
      </trkpt>
      <trkpt lat="47.884456" lon="11.333791">
        <ele>589.049273</ele>
        <time>2026-04-21T00:22:56.884Z</time>
      </trkpt>
      <trkpt lat="47.881559" lon="11.333658">
        <ele>589.794525</ele>
        <time>2026-04-21T00:27:49.263Z</time>
      </trkpt>
      <trkpt lat="47.880206" lon="11.333484">
        <ele>589.577595</ele>
        <time>2026-04-21T00:30:06.016Z</time>
      </trkpt>
      <trkpt lat="47.879430" lon="11.333524">
        <ele>589.197850</ele>
        <time>2026-04-21T00:31:24.145Z</time>
      </trkpt>
      <trkpt lat="47.878890" lon="11.333328">
        <ele>588.926040</ele>
        <time>2026-04-21T00:32:20.294Z</time>
      </trkpt>
      <trkpt lat="47.876840" lon="11.333419">
        <ele>586.919120</ele>
        <time>2026-04-21T00:35:50.291Z</time>
      </trkpt>
      <trkpt lat="47.875680" lon="11.333382">
        <ele>585.755596</ele>
        <time>2026-04-21T00:37:48.982Z</time>
      </trkpt>
      <trkpt lat="47.874907" lon="11.333355">
        <ele>585.054780</ele>
        <time>2026-04-21T00:39:07.955Z</time>
      </trkpt>
      <trkpt lat="47.874707" lon="11.333305">
        <ele>585.072047</ele>
        <time>2026-04-21T00:39:28.624Z</time>
      </trkpt>
      <trkpt lat="47.874380" lon="11.333224">
        <ele>585.100271</ele>
        <time>2026-04-21T00:40:02.156Z</time>
      </trkpt>
      <trkpt lat="47.873358" lon="11.332971">
        <ele>585.188481</ele>
        <time>2026-04-21T00:41:47.932Z</time>
      </trkpt>
      <trkpt lat="47.872988" lon="11.332933">
        <ele>585.250191</ele>
        <time>2026-04-21T00:42:26.000Z</time>
      </trkpt>
      <trkpt lat="47.872907" lon="11.332925">
        <ele>585.268846</ele>
        <time>2026-04-21T00:42:34.276Z</time>
      </trkpt>
      <trkpt lat="47.872644" lon="11.332935">
        <ele>585.329303</ele>
        <time>2026-04-21T00:43:00.979Z</time>
      </trkpt>
      <trkpt lat="47.872540" lon="11.332865">
        <ele>585.355525</ele>
        <time>2026-04-21T00:43:12.531Z</time>
      </trkpt>
      <trkpt lat="47.872449" lon="11.332799">
        <ele>585.378781</ele>
        <time>2026-04-21T00:43:22.780Z</time>
      </trkpt>
      <trkpt lat="47.871898" lon="11.332612">
        <ele>585.508640</ele>
        <time>2026-04-21T00:44:19.649Z</time>
      </trkpt>
      <trkpt lat="47.871341" lon="11.332606">
        <ele>585.639614</ele>
        <time>2026-04-21T00:45:15.801Z</time>
      </trkpt>
      <trkpt lat="47.871251" lon="11.332649">
        <ele>585.664407</ele>
        <time>2026-04-21T00:45:25.262Z</time>
      </trkpt>
      <trkpt lat="47.870445" lon="11.333335">
        <ele>585.907880</ele>
        <time>2026-04-21T00:46:59.256Z</time>
      </trkpt>
      <trkpt lat="47.870169" lon="11.333591">
        <ele>585.993155</ele>
        <time>2026-04-21T00:47:32.469Z</time>
      </trkpt>
      <trkpt lat="47.870005" lon="11.333888">
        <ele>586.060849</ele>
        <time>2026-04-21T00:47:58.726Z</time>
      </trkpt>
      <trkpt lat="47.869429" lon="11.334089">
        <ele>586.078904</ele>
        <time>2026-04-21T00:48:58.626Z</time>
      </trkpt>
      <trkpt lat="47.868222" lon="11.334367">
        <ele>586.057492</ele>
        <time>2026-04-21T00:51:01.158Z</time>
      </trkpt>
      <trkpt lat="47.867897" lon="11.334415">
        <ele>586.004317</ele>
        <time>2026-04-21T00:51:34.042Z</time>
      </trkpt>
      <trkpt lat="47.866614" lon="11.334545">
        <ele>585.726758</ele>
        <time>2026-04-21T00:53:43.452Z</time>
      </trkpt>
      <trkpt lat="47.866278" lon="11.334556">
        <ele>585.649511</ele>
        <time>2026-04-21T00:54:17.139Z</time>
      </trkpt>
      <trkpt lat="47.865862" lon="11.334571">
        <ele>585.528433</ele>
        <time>2026-04-21T00:54:58.889Z</time>
      </trkpt>
      <trkpt lat="47.864998" lon="11.334673">
        <ele>585.276252</ele>
        <time>2026-04-21T00:56:26.428Z</time>
      </trkpt>
      <trkpt lat="47.864547" lon="11.334668">
        <ele>585.145022</ele>
        <time>2026-04-21T00:57:12.110Z</time>
      </trkpt>
      <trkpt lat="47.863525" lon="11.334699">
        <ele>586.185534</ele>
        <time>2026-04-21T00:58:55.240Z</time>
      </trkpt>
      <trkpt lat="47.863312" lon="11.335009">
        <ele>586.489376</ele>
        <time>2026-04-21T00:59:26.639Z</time>
      </trkpt>
      <trkpt lat="47.862456" lon="11.335366">
        <ele>587.630440</ele>
        <time>2026-04-21T01:01:03.414Z</time>
      </trkpt>
      <trkpt lat="47.861675" lon="11.335764">
        <ele>588.945912</ele>
        <time>2026-04-21T01:02:35.266Z</time>
      </trkpt>
      <trkpt lat="47.861065" lon="11.336164">
        <ele>589.568704</ele>
        <time>2026-04-21T01:03:42.389Z</time>
      </trkpt>
      <trkpt lat="47.860887" lon="11.336234">
        <ele>589.062752</ele>
        <time>2026-04-21T01:04:01.542Z</time>
      </trkpt>
      <trkpt lat="47.860695" lon="11.335903">
        <ele>588.255912</ele>
        <time>2026-04-21T01:04:32.441Z</time>
      </trkpt>
      <trkpt lat="47.860546" lon="11.335729">
        <ele>587.735679</ele>
        <time>2026-04-21T01:04:52.547Z</time>
      </trkpt>
      <trkpt lat="47.860397" lon="11.335666">
        <ele>587.310012</ele>
        <time>2026-04-21T01:05:09.215Z</time>
      </trkpt>
      <trkpt lat="47.859994" lon="11.335660">
        <ele>586.202362</ele>
        <time>2026-04-21T01:05:53.137Z</time>
      </trkpt>
      <trkpt lat="47.859642" lon="11.335522">
        <ele>585.202025</ele>
        <time>2026-04-21T01:06:32.769Z</time>
      </trkpt>
      <trkpt lat="47.859178" lon="11.335567">
        <ele>584.397940</ele>
        <time>2026-04-21T01:07:21.584Z</time>
      </trkpt>
      <trkpt lat="47.858090" lon="11.335781">
        <ele>582.841138</ele>
        <time>2026-04-21T01:09:13.950Z</time>
      </trkpt>
      <trkpt lat="47.857639" lon="11.335959">
        <ele>582.411655</ele>
        <time>2026-04-21T01:10:01.212Z</time>
      </trkpt>
      <trkpt lat="47.857281" lon="11.336061">
        <ele>582.590617</ele>
        <time>2026-04-21T01:10:37.782Z</time>
      </trkpt>
      <trkpt lat="47.856596" lon="11.336278">
        <ele>582.934467</ele>
        <time>2026-04-21T01:11:49.608Z</time>
      </trkpt>
      <trkpt lat="47.855427" lon="11.336545">
        <ele>583.711109</ele>
        <time>2026-04-21T01:13:52.868Z</time>
      </trkpt>
      <trkpt lat="47.855246" lon="11.336575">
        <ele>583.863086</ele>
        <time>2026-04-21T01:14:11.785Z</time>
      </trkpt>
      <trkpt lat="47.855035" lon="11.336657">
        <ele>584.045055</ele>
        <time>2026-04-21T01:14:34.314Z</time>
      </trkpt>
      <trkpt lat="47.854784" lon="11.336716">
        <ele>584.257106</ele>
        <time>2026-04-21T01:15:00.572Z</time>
      </trkpt>
      <trkpt lat="47.854494" lon="11.336787">
        <ele>584.502357</ele>
        <time>2026-04-21T01:15:30.767Z</time>
      </trkpt>
      <trkpt lat="47.854251" lon="11.336889">
        <ele>584.713033</ele>
        <time>2026-04-21T01:15:56.192Z</time>
      </trkpt>
      <trkpt lat="47.854140" lon="11.337074">
        <ele>584.767239</ele>
        <time>2026-04-21T01:16:12.982Z</time>
      </trkpt>
      <trkpt lat="47.854064" lon="11.337261">
        <ele>584.800186</ele>
        <time>2026-04-21T01:16:27.739Z</time>
      </trkpt>
      <trkpt lat="47.854039" lon="11.337390">
        <ele>584.820420</ele>
        <time>2026-04-21T01:16:36.799Z</time>
      </trkpt>
      <trkpt lat="47.853981" lon="11.337524">
        <ele>584.844451</ele>
        <time>2026-04-21T01:16:47.604Z</time>
      </trkpt>
      <trkpt lat="47.853855" lon="11.337623">
        <ele>584.876440</ele>
        <time>2026-04-21T01:17:01.928Z</time>
      </trkpt>
      <trkpt lat="47.853545" lon="11.337323">
        <ele>584.959451</ele>
        <time>2026-04-21T01:17:38.974Z</time>
      </trkpt>
      <trkpt lat="47.853260" lon="11.337174">
        <ele>585.027281</ele>
        <time>2026-04-21T01:18:09.237Z</time>
      </trkpt>
      <trkpt lat="47.852979" lon="11.337219">
        <ele>585.090751</ele>
        <time>2026-04-21T01:18:37.735Z</time>
      </trkpt>
      <trkpt lat="47.852515" lon="11.337359">
        <ele>585.385892</ele>
        <time>2026-04-21T01:19:25.721Z</time>
      </trkpt>
      <trkpt lat="47.852254" lon="11.337984">
        <ele>585.863679</ele>
        <time>2026-04-21T01:20:17.327Z</time>
      </trkpt>
      <trkpt lat="47.852526" lon="11.338704">
        <ele>586.399954</ele>
        <time>2026-04-21T01:21:15.430Z</time>
      </trkpt>
      <trkpt lat="47.852518" lon="11.338851">
        <ele>586.495676</ele>
        <time>2026-04-21T01:21:25.834Z</time>
      </trkpt>
      <trkpt lat="47.852499" lon="11.339051">
        <ele>586.626779</ele>
        <time>2026-04-21T01:21:40.054Z</time>
      </trkpt>
      <trkpt lat="47.852373" lon="11.339006">
        <ele>586.752098</ele>
        <time>2026-04-21T01:21:53.371Z</time>
      </trkpt>
      <trkpt lat="47.852303" lon="11.338981">
        <ele>586.821721</ele>
        <time>2026-04-21T01:22:00.727Z</time>
      </trkpt>
      <trkpt lat="47.852147" lon="11.338980">
        <ele>586.872406</ele>
        <time>2026-04-21T01:22:16.725Z</time>
      </trkpt>
      <trkpt lat="47.851988" lon="11.338973">
        <ele>586.860433</ele>
        <time>2026-04-21T01:22:33.072Z</time>
      </trkpt>
      <trkpt lat="47.851890" lon="11.338969">
        <ele>586.853053</ele>
        <time>2026-04-21T01:22:43.140Z</time>
      </trkpt>
      <trkpt lat="47.851790" lon="11.338964">
        <ele>586.845521</ele>
        <time>2026-04-21T01:22:53.432Z</time>
      </trkpt>
      <trkpt lat="47.851633" lon="11.338957">
        <ele>586.833698</ele>
        <time>2026-04-21T01:23:09.293Z</time>
      </trkpt>
      <trkpt lat="47.851527" lon="11.338951">
        <ele>586.825713</ele>
        <time>2026-04-21T01:23:20.019Z</time>
      </trkpt>
      <trkpt lat="47.851465" lon="11.338947">
        <ele>586.821042</ele>
        <time>2026-04-21T01:23:26.312Z</time>
      </trkpt>
      <trkpt lat="47.851395" lon="11.338948">
        <ele>586.815773</ele>
        <time>2026-04-21T01:23:33.367Z</time>
      </trkpt>
      <trkpt lat="47.851264" lon="11.338949">
        <ele>586.805912</ele>
        <time>2026-04-21T01:23:46.621Z</time>
      </trkpt>
      <trkpt lat="47.851075" lon="11.338951">
        <ele>586.791685</ele>
        <time>2026-04-21T01:24:05.710Z</time>
      </trkpt>
      <trkpt lat="47.850919" lon="11.338953">
        <ele>586.779942</ele>
        <time>2026-04-21T01:24:21.514Z</time>
      </trkpt>
      <trkpt lat="47.850781" lon="11.338964">
        <ele>586.769539</ele>
        <time>2026-04-21T01:24:35.474Z</time>
      </trkpt>
      <trkpt lat="47.850661" lon="11.338980">
        <ele>586.760470</ele>
        <time>2026-04-21T01:24:47.614Z</time>
      </trkpt>
      <trkpt lat="47.850619" lon="11.338830">
        <ele>586.752260</ele>
        <time>2026-04-21T01:24:58.663Z</time>
      </trkpt>
      <trkpt lat="47.850762" lon="11.338690">
        <ele>586.724001</ele>
        <time>2026-04-21T01:25:16.015Z</time>
      </trkpt>
      <trkpt lat="47.850619" lon="11.338830">
        <ele>586.670452</ele>
        <time>2026-04-21T01:25:33.335Z</time>
      </trkpt>
      <trkpt lat="47.849733" lon="11.338878">
        <ele>586.392983</ele>
        <time>2026-04-21T01:27:03.319Z</time>
      </trkpt>
      <trkpt lat="47.849419" lon="11.338886">
        <ele>586.294697</ele>
        <time>2026-04-21T01:27:34.739Z</time>
      </trkpt>
      <trkpt lat="47.849131" lon="11.338808">
        <ele>586.203087</ele>
        <time>2026-04-21T01:28:04.319Z</time>
      </trkpt>
      <trkpt lat="47.848926" lon="11.338662">
        <ele>586.237828</ele>
        <time>2026-04-21T01:28:27.147Z</time>
      </trkpt>
      <trkpt lat="47.848569" lon="11.338814">
        <ele>586.370805</ele>
        <time>2026-04-21T01:29:04.428Z</time>
      </trkpt>
      <trkpt lat="47.848442" lon="11.338935">
        <ele>586.424793</ele>
        <time>2026-04-21T01:29:19.776Z</time>
      </trkpt>
      <trkpt lat="47.848315" lon="11.339056">
        <ele>586.478781</ele>
        <time>2026-04-21T01:29:35.351Z</time>
      </trkpt>
      <trkpt lat="47.848163" lon="11.339150">
        <ele>586.537722</ele>
        <time>2026-04-21T01:29:52.495Z</time>
      </trkpt>
      <trkpt lat="47.848083" lon="11.339206">
        <ele>586.569378</ele>
        <time>2026-04-21T01:30:01.638Z</time>
      </trkpt>
      <trkpt lat="47.847712" lon="11.339276">
        <ele>586.703314</ele>
        <time>2026-04-21T01:30:39.757Z</time>
      </trkpt>
      <trkpt lat="47.847595" lon="11.339298">
        <ele>586.745550</ele>
        <time>2026-04-21T01:30:51.668Z</time>
      </trkpt>
      <trkpt lat="47.847302" lon="11.339281">
        <ele>586.797669</ele>
        <time>2026-04-21T01:31:21.017Z</time>
      </trkpt>
      <trkpt lat="47.847080" lon="11.339247">
        <ele>586.708753</ele>
        <time>2026-04-21T01:31:43.478Z</time>
      </trkpt>
      <trkpt lat="47.846670" lon="11.339246">
        <ele>586.545399</ele>
        <time>2026-04-21T01:32:24.778Z</time>
      </trkpt>
      <trkpt lat="47.846181" lon="11.339173">
        <ele>586.349594</ele>
        <time>2026-04-21T01:33:13.959Z</time>
      </trkpt>
      <trkpt lat="47.845571" lon="11.339032">
        <ele>586.088077</ele>
        <time>2026-04-21T01:34:16.795Z</time>
      </trkpt>
      <trkpt lat="47.845308" lon="11.338836">
        <ele>585.623755</ele>
        <time>2026-04-21T01:34:46.969Z</time>
      </trkpt>
      <trkpt lat="47.844917" lon="11.338660">
        <ele>584.978811</ele>
        <time>2026-04-21T01:35:29.556Z</time>
      </trkpt>
      <trkpt lat="47.844621" lon="11.338702">
        <ele>584.509314</ele>
        <time>2026-04-21T01:36:00.633Z</time>
      </trkpt>
      <trkpt lat="47.844485" lon="11.338596">
        <ele>584.266965</ele>
        <time>2026-04-21T01:36:16.709Z</time>
      </trkpt>
      <trkpt lat="47.844003" lon="11.338208">
        <ele>583.401919</ele>
        <time>2026-04-21T01:37:13.737Z</time>
      </trkpt>
      <trkpt lat="47.843876" lon="11.338222">
        <ele>583.280497</ele>
        <time>2026-04-21T01:37:26.916Z</time>
      </trkpt>
      <trkpt lat="47.842846" lon="11.338274">
        <ele>583.559030</ele>
        <time>2026-04-21T01:39:10.099Z</time>
      </trkpt>
      <trkpt lat="47.842360" lon="11.338171">
        <ele>583.691701</ele>
        <time>2026-04-21T01:40:01.794Z</time>
      </trkpt>
      <trkpt lat="47.842209" lon="11.338167">
        <ele>583.732518</ele>
        <time>2026-04-21T01:40:17.652Z</time>
      </trkpt>
      <trkpt lat="47.841865" lon="11.338689">
        <ele>583.987078</ele>
        <time>2026-04-21T01:41:08.623Z</time>
      </trkpt>
      <trkpt lat="47.841145" lon="11.338804">
        <ele>584.399093</ele>
        <time>2026-04-21T01:42:22.746Z</time>
      </trkpt>
      <trkpt lat="47.839573" lon="11.338850">
        <ele>584.778339</ele>
        <time>2026-04-21T01:45:00.744Z</time>
      </trkpt>
      <trkpt lat="47.838760" lon="11.338792">
        <ele>584.778317</ele>
        <time>2026-04-21T01:46:22.298Z</time>
      </trkpt>
      <trkpt lat="47.837573" lon="11.338630">
        <ele>584.807899</ele>
        <time>2026-04-21T01:48:22.064Z</time>
      </trkpt>
      <trkpt lat="47.836322" lon="11.338530">
        <ele>585.057247</ele>
        <time>2026-04-21T01:50:28.670Z</time>
      </trkpt>
      <trkpt lat="47.835761" lon="11.338420">
        <ele>585.287837</ele>
        <time>2026-04-21T01:51:26.108Z</time>
      </trkpt>
      <trkpt lat="47.835586" lon="11.338349">
        <ele>585.361751</ele>
        <time>2026-04-21T01:51:44.550Z</time>
      </trkpt>
      <trkpt lat="47.835380" lon="11.338268">
        <ele>585.448575</ele>
        <time>2026-04-21T01:52:06.309Z</time>
      </trkpt>
      <trkpt lat="47.834838" lon="11.337888">
        <ele>585.500106</ele>
        <time>2026-04-21T01:53:07.589Z</time>
      </trkpt>
      <trkpt lat="47.834410" lon="11.337822">
        <ele>585.422655</ele>
        <time>2026-04-21T01:53:51.185Z</time>
      </trkpt>
      <trkpt lat="47.833592" lon="11.338052">
        <ele>585.272818</ele>
        <time>2026-04-21T01:55:15.270Z</time>
      </trkpt>
      <trkpt lat="47.832871" lon="11.337986">
        <ele>585.078365</ele>
        <time>2026-04-21T01:56:29.274Z</time>
      </trkpt>
      <trkpt lat="47.832352" lon="11.337845">
        <ele>584.917306</ele>
        <time>2026-04-21T01:57:23.160Z</time>
      </trkpt>
      <trkpt lat="47.832072" lon="11.337843">
        <ele>584.831823</ele>
        <time>2026-04-21T01:57:51.338Z</time>
      </trkpt>
      <trkpt lat="47.830697" lon="11.338212">
        <ele>584.786324</ele>
        <time>2026-04-21T02:00:16.369Z</time>
      </trkpt>
      <trkpt lat="47.830397" lon="11.338260">
        <ele>584.819135</ele>
        <time>2026-04-21T02:00:46.785Z</time>
      </trkpt>
      <trkpt lat="47.830234" lon="11.338228">
        <ele>584.837014</ele>
        <time>2026-04-21T02:01:03.321Z</time>
      </trkpt>
      <trkpt lat="47.830175" lon="11.338216">
        <ele>584.843489</ele>
        <time>2026-04-21T02:01:09.356Z</time>
      </trkpt>
      <trkpt lat="47.830138" lon="11.338199">
        <ele>584.847699</ele>
        <time>2026-04-21T02:01:13.286Z</time>
      </trkpt>
      <trkpt lat="47.830077" lon="11.338171">
        <ele>584.854641</ele>
        <time>2026-04-21T02:01:19.825Z</time>
      </trkpt>
      <trkpt lat="47.829521" lon="11.337108">
        <ele>584.131664</ele>
        <time>2026-04-21T02:02:53.436Z</time>
      </trkpt>
      <trkpt lat="47.829311" lon="11.336880">
        <ele>583.833832</ele>
        <time>2026-04-21T02:03:20.542Z</time>
      </trkpt>
      <trkpt lat="47.829107" lon="11.336868">
        <ele>583.599844</ele>
        <time>2026-04-21T02:03:41.732Z</time>
      </trkpt>
      <trkpt lat="47.828800" lon="11.337181">
        <ele>583.173460</ele>
        <time>2026-04-21T02:04:19.809Z</time>
      </trkpt>
      <trkpt lat="47.828756" lon="11.337241">
        <ele>583.105091</ele>
        <time>2026-04-21T02:04:25.848Z</time>
      </trkpt>
      <trkpt lat="47.828633" lon="11.337408">
        <ele>582.914344</ele>
        <time>2026-04-21T02:04:42.674Z</time>
      </trkpt>
      <trkpt lat="47.828423" lon="11.337878">
        <ele>583.124015</ele>
        <time>2026-04-21T02:05:20.890Z</time>
      </trkpt>
      <trkpt lat="47.828261" lon="11.337948">
        <ele>583.296417</ele>
        <time>2026-04-21T02:05:38.165Z</time>
      </trkpt>
      <trkpt lat="47.827349" lon="11.337900">
        <ele>584.229129</ele>
        <time>2026-04-21T02:07:14.002Z</time>
      </trkpt>
      <trkpt lat="47.826641" lon="11.337750">
        <ele>584.935475</ele>
        <time>2026-04-21T02:08:30.016Z</time>
      </trkpt>
      <trkpt lat="47.826200" lon="11.337575">
        <ele>585.363901</ele>
        <time>2026-04-21T02:09:17.158Z</time>
      </trkpt>
      <trkpt lat="47.826024" lon="11.337449">
        <ele>585.547213</ele>
        <time>2026-04-21T02:09:37.246Z</time>
      </trkpt>
      <trkpt lat="47.825858" lon="11.337256">
        <ele>585.744899</ele>
        <time>2026-04-21T02:09:59.074Z</time>
      </trkpt>
      <trkpt lat="47.825725" lon="11.337138">
        <ele>585.890223</ele>
        <time>2026-04-21T02:10:15.068Z</time>
      </trkpt>
      <trkpt lat="47.825609" lon="11.337077">
        <ele>586.005704</ele>
        <time>2026-04-21T02:10:27.687Z</time>
      </trkpt>
      <trkpt lat="47.825557" lon="11.337061">
        <ele>586.055550</ele>
        <time>2026-04-21T02:10:33.224Z</time>
      </trkpt>
      <trkpt lat="47.825375" lon="11.336886">
        <ele>586.258910</ele>
        <time>2026-04-21T02:10:55.283Z</time>
      </trkpt>
      <trkpt lat="47.825222" lon="11.336847">
        <ele>586.354988</ele>
        <time>2026-04-21T02:11:11.097Z</time>
      </trkpt>
      <trkpt lat="47.825121" lon="11.336858">
        <ele>586.367874</ele>
        <time>2026-04-21T02:11:21.259Z</time>
      </trkpt>
      <trkpt lat="47.824990" lon="11.337047">
        <ele>586.391082</ele>
        <time>2026-04-21T02:11:39.643Z</time>
      </trkpt>
      <trkpt lat="47.824475" lon="11.336829">
        <ele>586.459209</ele>
        <time>2026-04-21T02:12:33.312Z</time>
      </trkpt>
      <trkpt lat="47.824317" lon="11.336753">
        <ele>586.480337</ele>
        <time>2026-04-21T02:12:50.069Z</time>
      </trkpt>
      <trkpt lat="47.823634" lon="11.336269">
        <ele>586.575490</ele>
        <time>2026-04-21T02:14:05.855Z</time>
      </trkpt>
      <trkpt lat="47.822753" lon="11.335814">
        <ele>586.437777</ele>
        <time>2026-04-21T02:15:39.351Z</time>
      </trkpt>
      <trkpt lat="47.822439" lon="11.335505">
        <ele>586.382195</ele>
        <time>2026-04-21T02:16:16.977Z</time>
      </trkpt>
      <trkpt lat="47.822135" lon="11.335059">
        <ele>586.319173</ele>
        <time>2026-04-21T02:16:59.885Z</time>
      </trkpt>
      <trkpt lat="47.821614" lon="11.334075">
        <ele>585.826973</ele>
        <time>2026-04-21T02:18:24.959Z</time>
      </trkpt>
      <trkpt lat="47.821249" lon="11.333170">
        <ele>585.388881</ele>
        <time>2026-04-21T02:19:37.709Z</time>
      </trkpt>
      <trkpt lat="47.821045" lon="11.332403">
        <ele>585.156499</ele>
        <time>2026-04-21T02:20:33.452Z</time>
      </trkpt>
      <trkpt lat="47.820951" lon="11.332285">
        <ele>585.135383</ele>
        <time>2026-04-21T02:20:45.822Z</time>
      </trkpt>
      <trkpt lat="47.820536" lon="11.331682">
        <ele>585.035798</ele>
        <time>2026-04-21T02:21:44.458Z</time>
      </trkpt>
      <trkpt lat="47.820192" lon="11.331034">
        <ele>584.940528</ele>
        <time>2026-04-21T02:22:40.052Z</time>
      </trkpt>
      <trkpt lat="47.820133" lon="11.330844">
        <ele>584.916386</ele>
        <time>2026-04-21T02:22:54.256Z</time>
      </trkpt>
      <trkpt lat="47.820046" lon="11.330370">
        <ele>584.810214</ele>
        <time>2026-04-21T02:23:27.786Z</time>
      </trkpt>
      <trkpt lat="47.820028" lon="11.329937">
        <ele>584.678099</ele>
        <time>2026-04-21T02:23:57.426Z</time>
      </trkpt>
      <trkpt lat="47.820055" lon="11.329522">
        <ele>584.551125</ele>
        <time>2026-04-21T02:24:26.045Z</time>
      </trkpt>
      <trkpt lat="47.820175" lon="11.329301">
        <ele>584.464571</ele>
        <time>2026-04-21T02:24:45.519Z</time>
      </trkpt>
      <trkpt lat="47.820182" lon="11.329289">
        <ele>584.459731</ele>
        <time>2026-04-21T02:24:46.564Z</time>
      </trkpt>
      <trkpt lat="47.820220" lon="11.329224">
        <ele>584.433485</ele>
        <time>2026-04-21T02:24:52.457Z</time>
      </trkpt>
      <trkpt lat="47.820193" lon="11.328969">
        <ele>584.354869</ele>
        <time>2026-04-21T02:25:10.039Z</time>
      </trkpt>
      <trkpt lat="47.820094" lon="11.328780">
        <ele>584.281870</ele>
        <time>2026-04-21T02:25:26.363Z</time>
      </trkpt>
      <trkpt lat="47.819961" lon="11.328736">
        <ele>584.220080</ele>
        <time>2026-04-21T02:25:40.099Z</time>
      </trkpt>
      <trkpt lat="47.819848" lon="11.328640">
        <ele>584.161077</ele>
        <time>2026-04-21T02:25:53.191Z</time>
      </trkpt>
      <trkpt lat="47.819814" lon="11.328437">
        <ele>584.097363</ele>
        <time>2026-04-21T02:26:07.272Z</time>
      </trkpt>
      <trkpt lat="47.819802" lon="11.327725">
        <ele>584.350412</ele>
        <time>2026-04-21T02:26:56.358Z</time>
      </trkpt>
      <trkpt lat="47.819911" lon="11.325465">
        <ele>585.392770</ele>
        <time>2026-04-21T02:29:32.477Z</time>
      </trkpt>
      <trkpt lat="47.819841" lon="11.324978">
        <ele>585.738608</ele>
        <time>2026-04-21T02:30:07.117Z</time>
      </trkpt>
      <trkpt lat="47.819645" lon="11.324352">
        <ele>586.218243</ele>
        <time>2026-04-21T02:30:55.560Z</time>
      </trkpt>
      <trkpt lat="47.819459" lon="11.323906">
        <ele>586.582823</ele>
        <time>2026-04-21T02:31:32.530Z</time>
      </trkpt>
      <trkpt lat="47.819296" lon="11.323435">
        <ele>586.950776</ele>
        <time>2026-04-21T02:32:09.775Z</time>
      </trkpt>
      <trkpt lat="47.819193" lon="11.323006">
        <ele>587.112472</ele>
        <time>2026-04-21T02:32:41.446Z</time>
      </trkpt>
      <trkpt lat="47.819123" lon="11.321920">
        <ele>587.177433</ele>
        <time>2026-04-21T02:33:55.799Z</time>
      </trkpt>
      <trkpt lat="47.819102" lon="11.321874">
        <ele>587.180745</ele>
        <time>2026-04-21T02:33:59.549Z</time>
      </trkpt>
      <trkpt lat="47.819103" lon="11.321784">
        <ele>587.186105</ele>
        <time>2026-04-21T02:34:05.573Z</time>
      </trkpt>
      <trkpt lat="47.819110" lon="11.321630">
        <ele>587.195296</ele>
        <time>2026-04-21T02:34:15.963Z</time>
      </trkpt>
      <trkpt lat="47.819129" lon="11.321350">
        <ele>587.212053</ele>
        <time>2026-04-21T02:34:34.927Z</time>
      </trkpt>
      <trkpt lat="47.819156" lon="11.321028">
        <ele>587.231375</ele>
        <time>2026-04-21T02:34:56.901Z</time>
      </trkpt>
      <trkpt lat="47.819170" lon="11.320882">
        <ele>587.240156</ele>
        <time>2026-04-21T02:35:06.920Z</time>
      </trkpt>
      <trkpt lat="47.819181" lon="11.320772">
        <ele>587.246778</ele>
        <time>2026-04-21T02:35:14.492Z</time>
      </trkpt>
      <trkpt lat="47.819210" lon="11.320411">
        <ele>587.219332</ele>
        <time>2026-04-21T02:35:39.423Z</time>
      </trkpt>
      <trkpt lat="47.819267" lon="11.319698">
        <ele>587.070672</ele>
        <time>2026-04-21T02:36:28.516Z</time>
      </trkpt>
      <trkpt lat="47.819299" lon="11.319300">
        <ele>586.987682</ele>
        <time>2026-04-21T02:36:55.743Z</time>
      </trkpt>
      <trkpt lat="47.819302" lon="11.318877">
        <ele>586.900101</ele>
        <time>2026-04-21T02:37:24.388Z</time>
      </trkpt>
      <trkpt lat="47.819274" lon="11.318277">
        <ele>586.775579</ele>
        <time>2026-04-21T02:38:04.873Z</time>
      </trkpt>
      <trkpt lat="47.819288" lon="11.317800">
        <ele>586.741289</ele>
        <time>2026-04-21T02:38:37.236Z</time>
      </trkpt>
      <trkpt lat="47.819392" lon="11.317054">
        <ele>586.972990</ele>
        <time>2026-04-21T02:39:29.625Z</time>
      </trkpt>
      <trkpt lat="47.819450" lon="11.316785">
        <ele>587.058908</ele>
        <time>2026-04-21T02:39:49.195Z</time>
      </trkpt>
      <trkpt lat="47.819488" lon="11.316665">
        <ele>587.099255</ele>
        <time>2026-04-21T02:39:58.265Z</time>
      </trkpt>
      <trkpt lat="47.819603" lon="11.316296">
        <ele>587.222968</ele>
        <time>2026-04-21T02:40:26.144Z</time>
      </trkpt>
      <trkpt lat="47.819711" lon="11.315943">
        <ele>587.340935</ele>
        <time>2026-04-21T02:40:52.515Z</time>
      </trkpt>
      <trkpt lat="47.820083" lon="11.314805">
        <ele>587.914930</ele>
        <time>2026-04-21T02:42:18.531Z</time>
      </trkpt>
      <trkpt lat="47.820199" lon="11.314518">
        <ele>588.109249</ele>
        <time>2026-04-21T02:42:41.281Z</time>
      </trkpt>
      <trkpt lat="47.820404" lon="11.314075">
        <ele>588.421343</ele>
        <time>2026-04-21T02:43:18.056Z</time>
      </trkpt>
      <trkpt lat="47.820510" lon="11.313872">
        <ele>588.570516</ele>
        <time>2026-04-21T02:43:35.857Z</time>
      </trkpt>
      <trkpt lat="47.820825" lon="11.313236">
        <ele>589.028955</ele>
        <time>2026-04-21T02:44:31.892Z</time>
      </trkpt>
      <trkpt lat="47.820990" lon="11.312809">
        <ele>589.581927</ele>
        <time>2026-04-21T02:45:07.213Z</time>
      </trkpt>
      <trkpt lat="47.821353" lon="11.311630">
        <ele>591.160274</ele>
        <time>2026-04-21T02:46:40.912Z</time>
      </trkpt>
      <trkpt lat="47.821653" lon="11.311084">
        <ele>592.018794</ele>
        <time>2026-04-21T02:47:31.707Z</time>
      </trkpt>
      <trkpt lat="47.822296" lon="11.310085">
        <ele>592.778928</ele>
        <time>2026-04-21T02:49:08.375Z</time>
      </trkpt>
      <trkpt lat="47.822419" lon="11.309871">
        <ele>592.890844</ele>
        <time>2026-04-21T02:49:27.577Z</time>
      </trkpt>
      <trkpt lat="47.822632" lon="11.309386">
        <ele>593.121087</ele>
        <time>2026-04-21T02:50:06.965Z</time>
      </trkpt>
      <trkpt lat="47.822717" lon="11.309185">
        <ele>593.215461</ele>
        <time>2026-04-21T02:50:22.987Z</time>
      </trkpt>
      <trkpt lat="47.823051" lon="11.308419">
        <ele>593.280842</ele>
        <time>2026-04-21T02:51:24.646Z</time>
      </trkpt>
      <trkpt lat="47.823464" lon="11.307563">
        <ele>593.018749</ele>
        <time>2026-04-21T02:52:36.182Z</time>
      </trkpt>
      <trkpt lat="47.823685" lon="11.307008">
        <ele>592.858309</ele>
        <time>2026-04-21T02:53:19.754Z</time>
      </trkpt>
      <trkpt lat="47.824156" lon="11.305389">
        <ele>592.854824</ele>
        <time>2026-04-21T02:55:19.999Z</time>
      </trkpt>
      <trkpt lat="47.824665" lon="11.304252">
        <ele>592.992584</ele>
        <time>2026-04-21T02:56:53.828Z</time>
      </trkpt>
      <trkpt lat="47.824803" lon="11.303838">
        <ele>593.438974</ele>
        <time>2026-04-21T02:57:26.524Z</time>
      </trkpt>
      <trkpt lat="47.824816" lon="11.303730">
        <ele>593.560993</ele>
        <time>2026-04-21T02:57:34.368Z</time>
      </trkpt>
      <trkpt lat="47.824787" lon="11.303532">
        <ele>593.786362</ele>
        <time>2026-04-21T02:57:48.711Z</time>
      </trkpt>
      <trkpt lat="47.824554" lon="11.303166">
        <ele>594.347260</ele>
        <time>2026-04-21T02:58:24.878Z</time>
      </trkpt>
      <trkpt lat="47.824563" lon="11.302993">
        <ele>594.540227</ele>
        <time>2026-04-21T02:58:37.341Z</time>
      </trkpt>
      <trkpt lat="47.824757" lon="11.302436">
        <ele>595.238041</ele>
        <time>2026-04-21T02:59:23.167Z</time>
      </trkpt>
      <trkpt lat="47.824915" lon="11.301946">
        <ele>595.842542</ele>
        <time>2026-04-21T03:00:02.624Z</time>
      </trkpt>
      <trkpt lat="47.825187" lon="11.301174">
        <ele>596.289754</ele>
        <time>2026-04-21T03:01:02.442Z</time>
      </trkpt>
      <trkpt lat="47.825083" lon="11.301100">
        <ele>596.361035</ele>
        <time>2026-04-21T03:01:14.154Z</time>
      </trkpt>
      <trkpt lat="47.824963" lon="11.301015">
        <ele>596.443214</ele>
        <time>2026-04-21T03:01:27.676Z</time>
      </trkpt>
      <trkpt lat="47.825093" lon="11.300624">
        <ele>596.624384</ele>
        <time>2026-04-21T03:01:57.496Z</time>
      </trkpt>
      <trkpt lat="47.825051" lon="11.300504">
        <ele>596.680575</ele>
        <time>2026-04-21T03:02:06.756Z</time>
      </trkpt>
      <trkpt lat="47.825168" lon="11.300188">
        <ele>596.830415</ele>
        <time>2026-04-21T03:02:31.376Z</time>
      </trkpt>
      <trkpt lat="47.825010" lon="11.299988">
        <ele>596.958652</ele>
        <time>2026-04-21T03:02:52.435Z</time>
      </trkpt>
      <trkpt lat="47.824692" lon="11.299103">
        <ele>597.229046</ele>
        <time>2026-04-21T03:04:00.288Z</time>
      </trkpt>
      <trkpt lat="47.824543" lon="11.298766">
        <ele>597.310396</ele>
        <time>2026-04-21T03:04:27.573Z</time>
      </trkpt>
      <trkpt lat="47.824467" lon="11.298491">
        <ele>597.370352</ele>
        <time>2026-04-21T03:04:47.873Z</time>
      </trkpt>
      <trkpt lat="47.824303" lon="11.297795">
        <ele>597.519061</ele>
        <time>2026-04-21T03:05:38.231Z</time>
      </trkpt>
      <trkpt lat="47.824191" lon="11.297211">
        <ele>597.631900</ele>
        <time>2026-04-21T03:06:19.449Z</time>
      </trkpt>
      <trkpt lat="47.824113" lon="11.296922">
        <ele>597.637424</ele>
        <time>2026-04-21T03:06:40.555Z</time>
      </trkpt>
      <trkpt lat="47.824062" lon="11.296732">
        <ele>597.641052</ele>
        <time>2026-04-21T03:06:54.412Z</time>
      </trkpt>
      <trkpt lat="47.823893" lon="11.296229">
        <ele>597.651027</ele>
        <time>2026-04-21T03:07:32.300Z</time>
      </trkpt>
      <trkpt lat="47.823845" lon="11.295597">
        <ele>597.662306</ele>
        <time>2026-04-21T03:08:15.069Z</time>
      </trkpt>
      <trkpt lat="47.823843" lon="11.295083">
        <ele>597.671421</ele>
        <time>2026-04-21T03:08:49.839Z</time>
      </trkpt>
      <trkpt lat="47.823842" lon="11.294912">
        <ele>597.674454</ele>
        <time>2026-04-21T03:09:01.431Z</time>
      </trkpt>
      <trkpt lat="47.823850" lon="11.293241">
        <ele>597.895190</ele>
        <time>2026-04-21T03:10:53.933Z</time>
      </trkpt>
      <trkpt lat="47.823636" lon="11.291892">
        <ele>598.114237</ele>
        <time>2026-04-21T03:12:28.514Z</time>
      </trkpt>
      <trkpt lat="47.823288" lon="11.290981">
        <ele>598.347906</ele>
        <time>2026-04-21T03:13:40.253Z</time>
      </trkpt>
      <trkpt lat="47.822787" lon="11.290010">
        <ele>598.620918</ele>
        <time>2026-04-21T03:15:03.481Z</time>
      </trkpt>
      <trkpt lat="47.822650" lon="11.289653">
        <ele>598.698898</ele>
        <time>2026-04-21T03:15:31.235Z</time>
      </trkpt>
      <trkpt lat="47.822634" lon="11.289241">
        <ele>598.754749</ele>
        <time>2026-04-21T03:15:58.954Z</time>
      </trkpt>
      <trkpt lat="47.822629" lon="11.289098">
        <ele>598.774128</ele>
        <time>2026-04-21T03:16:08.609Z</time>
      </trkpt>
      <trkpt lat="47.822294" lon="11.289260">
        <ele>598.845123</ele>
        <time>2026-04-21T03:16:43.939Z</time>
      </trkpt>
      <trkpt lat="47.821845" lon="11.289561">
        <ele>598.944370</ele>
        <time>2026-04-21T03:17:33.223Z</time>
      </trkpt>
      <trkpt lat="47.821658" lon="11.288868">
        <ele>599.056051</ele>
        <time>2026-04-21T03:18:23.751Z</time>
      </trkpt>
      <trkpt lat="47.821328" lon="11.289148">
        <ele>599.289737</ele>
        <time>2026-04-21T03:19:02.801Z</time>
      </trkpt>
      <trkpt lat="47.821145" lon="11.289304">
        <ele>599.419476</ele>
        <time>2026-04-21T03:19:24.685Z</time>
      </trkpt>
      <trkpt lat="47.820765" lon="11.289615">
        <ele>599.686264</ele>
        <time>2026-04-21T03:20:09.755Z</time>
      </trkpt>
      <trkpt lat="47.820482" lon="11.289818">
        <ele>599.879537</ele>
        <time>2026-04-21T03:20:42.005Z</time>
      </trkpt>
      <trkpt lat="47.820157" lon="11.290030">
        <ele>600.097847</ele>
        <time>2026-04-21T03:21:18.158Z</time>
      </trkpt>
      <trkpt lat="47.819879" lon="11.290166">
        <ele>600.079077</ele>
        <time>2026-04-21T03:21:47.639Z</time>
      </trkpt>
      <trkpt lat="47.820157" lon="11.290030">
        <ele>599.985694</ele>
        <time>2026-04-21T03:22:17.056Z</time>
      </trkpt>
      <trkpt lat="47.820482" lon="11.289818">
        <ele>599.872464</ele>
        <time>2026-04-21T03:22:52.932Z</time>
      </trkpt>
      <trkpt lat="47.820765" lon="11.289615">
        <ele>599.772220</ele>
        <time>2026-04-21T03:23:24.801Z</time>
      </trkpt>
      <trkpt lat="47.821145" lon="11.289304">
        <ele>599.633845</ele>
        <time>2026-04-21T03:24:08.890Z</time>
      </trkpt>
      <trkpt lat="47.821328" lon="11.289148">
        <ele>599.574725</ele>
        <time>2026-04-21T03:24:30.203Z</time>
      </trkpt>
      <trkpt lat="47.821658" lon="11.288868">
        <ele>599.607818</ele>
        <time>2026-04-21T03:25:08.247Z</time>
      </trkpt>
      <trkpt lat="47.821421" lon="11.288144">
        <ele>599.654942</ele>
        <time>2026-04-21T03:26:03.005Z</time>
      </trkpt>
      <trkpt lat="47.821323" lon="11.287849">
        <ele>599.674198</ele>
        <time>2026-04-21T03:26:25.289Z</time>
      </trkpt>
      <trkpt lat="47.821249" lon="11.287660">
        <ele>599.686998</ele>
        <time>2026-04-21T03:26:40.029Z</time>
      </trkpt>
      <trkpt lat="47.821038" lon="11.287115">
        <ele>599.723804</ele>
        <time>2026-04-21T03:27:22.576Z</time>
      </trkpt>
      <trkpt lat="47.820789" lon="11.286579">
        <ele>599.766980</ele>
        <time>2026-04-21T03:28:06.483Z</time>
      </trkpt>
      <trkpt lat="47.820661" lon="11.286298">
        <ele>599.789953</ele>
        <time>2026-04-21T03:28:29.306Z</time>
      </trkpt>
      <trkpt lat="47.820222" lon="11.285345">
        <ele>599.868144</ele>
        <time>2026-04-21T03:29:47.053Z</time>
      </trkpt>
      <trkpt lat="47.820110" lon="11.285101">
        <ele>599.888141</ele>
        <time>2026-04-21T03:30:06.981Z</time>
      </trkpt>
      <trkpt lat="47.820022" lon="11.284910">
        <ele>599.903813</ele>
        <time>2026-04-21T03:30:22.641Z</time>
      </trkpt>
      <trkpt lat="47.819870" lon="11.284576">
        <ele>600.056307</ele>
        <time>2026-04-21T03:30:50.285Z</time>
      </trkpt>
      <trkpt lat="47.819761" lon="11.284336">
        <ele>600.197501</ele>
        <time>2026-04-21T03:31:10.100Z</time>
      </trkpt>
      <trkpt lat="47.819734" lon="11.284276">
        <ele>600.232698</ele>
        <time>2026-04-21T03:31:15.046Z</time>
      </trkpt>
      <trkpt lat="47.819592" lon="11.283959">
        <ele>600.418395</ele>
        <time>2026-04-21T03:31:41.264Z</time>
      </trkpt>
      <trkpt lat="47.819469" lon="11.283683">
        <ele>600.579820</ele>
        <time>2026-04-21T03:32:04.133Z</time>
      </trkpt>
      <trkpt lat="47.819279" lon="11.283305">
        <ele>600.809917</ele>
        <time>2026-04-21T03:32:36.660Z</time>
      </trkpt>
      <trkpt lat="47.819141" lon="11.283099">
        <ele>600.951719</ele>
        <time>2026-04-21T03:32:56.884Z</time>
      </trkpt>
      <trkpt lat="47.818518" lon="11.282582">
        <ele>601.480825</ele>
        <time>2026-04-21T03:34:11.199Z</time>
      </trkpt>
      <trkpt lat="47.818225" lon="11.282346">
        <ele>601.733576</ele>
        <time>2026-04-21T03:34:45.631Z</time>
      </trkpt>
      <trkpt lat="47.818183" lon="11.282312">
        <ele>601.769848</ele>
        <time>2026-04-21T03:34:50.654Z</time>
      </trkpt>
      <trkpt lat="47.817765" lon="11.281983">
        <ele>602.128584</ele>
        <time>2026-04-21T03:35:39.324Z</time>
      </trkpt>
      <trkpt lat="47.816990" lon="11.281374">
        <ele>602.682892</ele>
        <time>2026-04-21T03:37:08.141Z</time>
      </trkpt>
      <trkpt lat="47.816730" lon="11.281170">
        <ele>602.789819</ele>
        <time>2026-04-21T03:37:37.727Z</time>
      </trkpt>
      <trkpt lat="47.816432" lon="11.280935">
        <ele>602.912508</ele>
        <time>2026-04-21T03:38:11.866Z</time>
      </trkpt>
      <trkpt lat="47.815871" lon="11.280397">
        <ele>603.155288</ele>
        <time>2026-04-21T03:39:19.473Z</time>
      </trkpt>
      <trkpt lat="47.815473" lon="11.280189">
        <ele>603.396915</ele>
        <time>2026-04-21T03:40:02.420Z</time>
      </trkpt>
      <trkpt lat="47.815196" lon="11.280131">
        <ele>603.621076</ele>
        <time>2026-04-21T03:40:31.034Z</time>
      </trkpt>
      <trkpt lat="47.814864" lon="11.280174">
        <ele>603.888131</ele>
        <time>2026-04-21T03:41:05.370Z</time>
      </trkpt>
      <trkpt lat="47.814286" lon="11.280370">
        <ele>604.363175</ele>
        <time>2026-04-21T03:42:06.664Z</time>
      </trkpt>
      <trkpt lat="47.813456" lon="11.280821">
        <ele>604.794514</ele>
        <time>2026-04-21T03:43:38.316Z</time>
      </trkpt>
      <trkpt lat="47.813093" lon="11.280936">
        <ele>604.883277</ele>
        <time>2026-04-21T03:44:16.378Z</time>
      </trkpt>
      <trkpt lat="47.812269" lon="11.280998">
        <ele>605.080607</ele>
        <time>2026-04-21T03:45:39.100Z</time>
      </trkpt>
      <trkpt lat="47.812067" lon="11.281100">
        <ele>605.074353</ele>
        <time>2026-04-21T03:46:00.812Z</time>
      </trkpt>
      <trkpt lat="47.811546" lon="11.281627">
        <ele>604.874773</ele>
        <time>2026-04-21T03:47:05.310Z</time>
      </trkpt>
      <trkpt lat="47.811253" lon="11.281678">
        <ele>604.781297</ele>
        <time>2026-04-21T03:47:35.357Z</time>
      </trkpt>
      <trkpt lat="47.810884" lon="11.281377">
        <ele>604.647975</ele>
        <time>2026-04-21T03:48:17.573Z</time>
      </trkpt>
      <trkpt lat="47.810569" lon="11.281042">
        <ele>604.565375</ele>
        <time>2026-04-21T03:48:57.154Z</time>
      </trkpt>
      <trkpt lat="47.809733" lon="11.281070">
        <ele>605.205322</ele>
        <time>2026-04-21T03:50:23.671Z</time>
      </trkpt>
      <trkpt lat="47.809347" lon="11.280906">
        <ele>605.512516</ele>
        <time>2026-04-21T03:51:05.099Z</time>
      </trkpt>
      <trkpt lat="47.809072" lon="11.280458">
        <ele>605.824463</ele>
        <time>2026-04-21T03:51:47.176Z</time>
      </trkpt>
      <trkpt lat="47.808590" lon="11.280344">
        <ele>606.045138</ele>
        <time>2026-04-21T03:52:37.258Z</time>
      </trkpt>
      <trkpt lat="47.808422" lon="11.280295">
        <ele>606.105757</ele>
        <time>2026-04-21T03:52:54.528Z</time>
      </trkpt>
      <trkpt lat="47.807834" lon="11.280125">
        <ele>606.317858</ele>
        <time>2026-04-21T03:53:54.481Z</time>
      </trkpt>
      <trkpt lat="47.806486" lon="11.280032">
        <ele>607.162686</ele>
        <time>2026-04-21T03:56:11.302Z</time>
      </trkpt>
      <trkpt lat="47.806285" lon="11.279905">
        <ele>607.355696</ele>
        <time>2026-04-21T03:56:33.724Z</time>
      </trkpt>
      <trkpt lat="47.806142" lon="11.279816">
        <ele>607.492700</ele>
        <time>2026-04-21T03:56:49.587Z</time>
      </trkpt>
      <trkpt lat="47.805945" lon="11.279502">
        <ele>607.747801</ele>
        <time>2026-04-21T03:57:19.483Z</time>
      </trkpt>
      <trkpt lat="47.805682" lon="11.279228">
        <ele>608.031542</ele>
        <time>2026-04-21T03:57:53.273Z</time>
      </trkpt>
      <trkpt lat="47.805249" lon="11.278896">
        <ele>608.891856</ele>
        <time>2026-04-21T03:58:45.434Z</time>
      </trkpt>
      <trkpt lat="47.804494" lon="11.278214">
        <ele>610.715287</ele>
        <time>2026-04-21T04:00:19.361Z</time>
      </trkpt>
      <trkpt lat="47.804263" lon="11.278067">
        <ele>611.234004</ele>
        <time>2026-04-21T04:00:46.836Z</time>
      </trkpt>
      <trkpt lat="47.803891" lon="11.277956">
        <ele>612.059830</ele>
        <time>2026-04-21T04:01:28.538Z</time>
      </trkpt>
      <trkpt lat="47.803442" lon="11.277798">
        <ele>613.260246</ele>
        <time>2026-04-21T04:02:19.132Z</time>
      </trkpt>
      <trkpt lat="47.803177" lon="11.277588">
        <ele>614.041323</ele>
        <time>2026-04-21T04:02:52.441Z</time>
      </trkpt>
      <trkpt lat="47.802951" lon="11.277843">
        <ele>614.779131</ele>
        <time>2026-04-21T04:03:24.388Z</time>
      </trkpt>
      <trkpt lat="47.802443" lon="11.278242">
        <ele>616.273526</ele>
        <time>2026-04-21T04:04:27.617Z</time>
      </trkpt>
      <trkpt lat="47.802166" lon="11.278358">
        <ele>616.465951</ele>
        <time>2026-04-21T04:04:57.675Z</time>
      </trkpt>
      <trkpt lat="47.801989" lon="11.278504">
        <ele>616.392550</ele>
        <time>2026-04-21T04:05:18.341Z</time>
      </trkpt>
      <trkpt lat="47.801909" lon="11.278687">
        <ele>616.339351</ele>
        <time>2026-04-21T04:05:33.138Z</time>
      </trkpt>
      <trkpt lat="47.801513" lon="11.279666">
        <ele>616.060907</ele>
        <time>2026-04-21T04:06:51.295Z</time>
      </trkpt>
      <trkpt lat="47.801253" lon="11.280069">
        <ele>615.924759</ele>
        <time>2026-04-21T04:07:30.410Z</time>
      </trkpt>
      <trkpt lat="47.801189" lon="11.280131">
        <ele>615.897062</ele>
        <time>2026-04-21T04:07:38.397Z</time>
      </trkpt>
      <trkpt lat="47.801057" lon="11.280177">
        <ele>615.879878</ele>
        <time>2026-04-21T04:07:52.401Z</time>
      </trkpt>
      <trkpt lat="47.800715" lon="11.280251">
        <ele>615.873546</ele>
        <time>2026-04-21T04:08:27.884Z</time>
      </trkpt>
      <trkpt lat="47.800315" lon="11.280230">
        <ele>615.866214</ele>
        <time>2026-04-21T04:09:08.409Z</time>
      </trkpt>
      <trkpt lat="47.800232" lon="11.280259">
        <ele>615.864652</ele>
        <time>2026-04-21T04:09:16.984Z</time>
      </trkpt>
      <trkpt lat="47.799940" lon="11.280495">
        <ele>615.858565</ele>
        <time>2026-04-21T04:09:50.929Z</time>
      </trkpt>
      <trkpt lat="47.799659" lon="11.280760">
        <ele>615.852472</ele>
        <time>2026-04-21T04:10:25.432Z</time>
      </trkpt>
      <trkpt lat="47.797877" lon="11.282806">
        <ele>618.507974</ele>
        <time>2026-04-21T04:14:22.198Z</time>
      </trkpt>
      <trkpt lat="47.797567" lon="11.283181">
        <ele>618.805834</ele>
        <time>2026-04-21T04:15:03.922Z</time>
      </trkpt>
      <trkpt lat="47.797062" lon="11.283680">
        <ele>619.257811</ele>
        <time>2026-04-21T04:16:06.273Z</time>
      </trkpt>
      <trkpt lat="47.796037" lon="11.284905">
        <ele>619.387772</ele>
        <time>2026-04-21T04:18:17.880Z</time>
      </trkpt>
      <trkpt lat="47.793308" lon="11.288010">
        <ele>616.980576</ele>
        <time>2026-04-21T04:24:06.373Z</time>
      </trkpt>
      <trkpt lat="47.793233" lon="11.288094">
        <ele>616.854105</ele>
        <time>2026-04-21T04:24:15.934Z</time>
      </trkpt>
      <trkpt lat="47.792943" lon="11.288290">
        <ele>616.424950</ele>
        <time>2026-04-21T04:24:48.697Z</time>
      </trkpt>
      <trkpt lat="47.791679" lon="11.288932">
        <ele>614.278890</ele>
        <time>2026-04-21T04:27:07.720Z</time>
      </trkpt>
      <trkpt lat="47.791584" lon="11.288929">
        <ele>614.091028</ele>
        <time>2026-04-21T04:27:17.693Z</time>
      </trkpt>
      <trkpt lat="47.791435" lon="11.288872">
        <ele>613.786874</ele>
        <time>2026-04-21T04:27:33.650Z</time>
      </trkpt>
      <trkpt lat="47.791093" lon="11.288538">
        <ele>612.978174</ele>
        <time>2026-04-21T04:28:16.061Z</time>
      </trkpt>
      <trkpt lat="47.790856" lon="11.288390">
        <ele>612.470045</ele>
        <time>2026-04-21T04:28:42.830Z</time>
      </trkpt>
      <trkpt lat="47.790610" lon="11.288148">
        <ele>611.887066</ele>
        <time>2026-04-21T04:29:13.679Z</time>
      </trkpt>
      <trkpt lat="47.790513" lon="11.288005">
        <ele>611.704409</ele>
        <time>2026-04-21T04:29:27.985Z</time>
      </trkpt>
      <trkpt lat="47.790350" lon="11.287893">
        <ele>611.509402</ele>
        <time>2026-04-21T04:29:46.833Z</time>
      </trkpt>
      <trkpt lat="47.790127" lon="11.287861">
        <ele>611.266054</ele>
        <time>2026-04-21T04:30:10.327Z</time>
      </trkpt>
      <trkpt lat="47.789845" lon="11.287761">
        <ele>610.951170</ele>
        <time>2026-04-21T04:30:40.435Z</time>
      </trkpt>
      <trkpt lat="47.789549" lon="11.287738">
        <ele>610.629214</ele>
        <time>2026-04-21T04:31:10.989Z</time>
      </trkpt>
      <trkpt lat="47.788675" lon="11.287617">
        <ele>610.306966</ele>
        <time>2026-04-21T04:32:39.606Z</time>
      </trkpt>
      <trkpt lat="47.788453" lon="11.287613">
        <ele>610.905239</ele>
        <time>2026-04-21T04:33:03.185Z</time>
      </trkpt>
      <trkpt lat="47.788221" lon="11.287689">
        <ele>611.545379</ele>
        <time>2026-04-21T04:33:29.274Z</time>
      </trkpt>
      <trkpt lat="47.788058" lon="11.287800">
        <ele>612.028410</ele>
        <time>2026-04-21T04:33:49.177Z</time>
      </trkpt>
      <trkpt lat="47.787775" lon="11.287893">
        <ele>612.809385</ele>
        <time>2026-04-21T04:34:21.952Z</time>
      </trkpt>
      <trkpt lat="47.786802" lon="11.287674">
        <ele>615.455386</ele>
        <time>2026-04-21T04:36:13.977Z</time>
      </trkpt>
      <trkpt lat="47.786400" lon="11.287498">
        <ele>616.575946</ele>
        <time>2026-04-21T04:37:00.129Z</time>
      </trkpt>
      <trkpt lat="47.785937" lon="11.286848">
        <ele>618.277995</ele>
        <time>2026-04-21T04:38:08.862Z</time>
      </trkpt>
      <trkpt lat="47.785506" lon="11.286301">
        <ele>619.724656</ele>
        <time>2026-04-21T04:39:09.515Z</time>
      </trkpt>
      <trkpt lat="47.785267" lon="11.286083">
        <ele>620.291336</ele>
        <time>2026-04-21T04:39:39.628Z</time>
      </trkpt>
      <trkpt lat="47.785038" lon="11.286021">
        <ele>620.761876</ele>
        <time>2026-04-21T04:40:04.908Z</time>
      </trkpt>
      <trkpt lat="47.784905" lon="11.286028">
        <ele>621.030915</ele>
        <time>2026-04-21T04:40:19.217Z</time>
      </trkpt>
      <trkpt lat="47.784741" lon="11.286093">
        <ele>621.374010</ele>
        <time>2026-04-21T04:40:37.577Z</time>
      </trkpt>
      <trkpt lat="47.784040" lon="11.286552">
        <ele>622.922232</ele>
        <time>2026-04-21T04:41:59.823Z</time>
      </trkpt>
      <trkpt lat="47.783930" lon="11.286601">
        <ele>623.152075</ele>
        <time>2026-04-21T04:42:12.019Z</time>
      </trkpt>
      <trkpt lat="47.783697" lon="11.286665">
        <ele>623.384480</ele>
        <time>2026-04-21T04:42:37.095Z</time>
      </trkpt>
      <trkpt lat="47.783512" lon="11.286628">
        <ele>623.567575</ele>
        <time>2026-04-21T04:42:56.696Z</time>
      </trkpt>
      <trkpt lat="47.783450" lon="11.286613">
        <ele>623.629187</ele>
        <time>2026-04-21T04:43:03.306Z</time>
      </trkpt>
      <trkpt lat="47.783031" lon="11.286456">
        <ele>624.053003</ele>
        <time>2026-04-21T04:43:48.236Z</time>
      </trkpt>
      <trkpt lat="47.782743" lon="11.286409">
        <ele>624.337190</ele>
        <time>2026-04-21T04:44:17.943Z</time>
      </trkpt>
      <trkpt lat="47.781974" lon="11.286505">
        <ele>625.058583</ele>
        <time>2026-04-21T04:45:36.469Z</time>
      </trkpt>
      <trkpt lat="47.781671" lon="11.286615">
        <ele>625.304065</ele>
        <time>2026-04-21T04:46:07.914Z</time>
      </trkpt>
      <trkpt lat="47.781529" lon="11.286315">
        <ele>625.498146</ele>
        <time>2026-04-21T04:46:32.791Z</time>
      </trkpt>
      <trkpt lat="47.781148" lon="11.285649">
        <ele>625.960752</ele>
        <time>2026-04-21T04:47:32.448Z</time>
      </trkpt>
      <trkpt lat="47.780922" lon="11.284740">
        <ele>627.082320</ele>
        <time>2026-04-21T04:48:40.693Z</time>
      </trkpt>
      <trkpt lat="47.780836" lon="11.283846">
        <ele>629.586978</ele>
        <time>2026-04-21T04:49:47.840Z</time>
      </trkpt>
      <trkpt lat="47.780776" lon="11.283518">
        <ele>630.529744</ele>
        <time>2026-04-21T04:50:13.699Z</time>
      </trkpt>
      <trkpt lat="47.780725" lon="11.283356">
        <ele>631.025891</ele>
        <time>2026-04-21T04:50:27.498Z</time>
      </trkpt>
      <trkpt lat="47.780651" lon="11.283215">
        <ele>631.522070</ele>
        <time>2026-04-21T04:50:41.357Z</time>
      </trkpt>
      <trkpt lat="47.780595" lon="11.283143">
        <ele>631.827507</ele>
        <time>2026-04-21T04:50:49.967Z</time>
      </trkpt>
      <trkpt lat="47.780428" lon="11.282790">
        <ele>633.024797</ele>
        <time>2026-04-21T04:51:24.621Z</time>
      </trkpt>
      <trkpt lat="47.780087" lon="11.282406">
        <ele>635.859745</ele>
        <time>2026-04-21T04:52:18.333Z</time>
      </trkpt>
      <trkpt lat="47.779909" lon="11.282104">
        <ele>638.124066</ele>
        <time>2026-04-21T04:52:53.391Z</time>
      </trkpt>
      <trkpt lat="47.779821" lon="11.281802">
        <ele>639.979513</ele>
        <time>2026-04-21T04:53:22.665Z</time>
      </trkpt>
      <trkpt lat="47.779578" lon="11.281271">
        <ele>643.600777</ele>
        <time>2026-04-21T04:54:19.516Z</time>
      </trkpt>
      <trkpt lat="47.779500" lon="11.281048">
        <ele>645.017862</ele>
        <time>2026-04-21T04:54:41.857Z</time>
      </trkpt>
      <trkpt lat="47.779382" lon="11.280466">
        <ele>648.444535</ele>
        <time>2026-04-21T04:55:35.716Z</time>
      </trkpt>
      <trkpt lat="47.779455" lon="11.278977">
        <ele>653.775703</ele>
        <time>2026-04-21T04:57:37.969Z</time>
      </trkpt>
      <trkpt lat="47.779535" lon="11.277919">
        <ele>657.468870</ele>
        <time>2026-04-21T04:58:57.369Z</time>
      </trkpt>
      <trkpt lat="47.779646" lon="11.277565">
        <ele>658.479803</ele>
        <time>2026-04-21T04:59:26.343Z</time>
      </trkpt>
      <trkpt lat="47.779926" lon="11.277015">
        <ele>659.694231</ele>
        <time>2026-04-21T05:00:18.031Z</time>
      </trkpt>
      <trkpt lat="47.779944" lon="11.276830">
        <ele>660.023225</ele>
        <time>2026-04-21T05:00:32.240Z</time>
      </trkpt>
      <trkpt lat="47.779902" lon="11.276785">
        <ele>660.158774</ele>
        <time>2026-04-21T05:00:38.119Z</time>
      </trkpt>
      <trkpt lat="47.779251" lon="11.276125">
        <ele>662.221907</ele>
        <time>2026-04-21T05:02:05.832Z</time>
      </trkpt>
      <trkpt lat="47.778912" lon="11.275893">
        <ele>662.379956</ele>
        <time>2026-04-21T05:02:44.804Z</time>
      </trkpt>
      <trkpt lat="47.778828" lon="11.275837">
        <ele>662.076901</ele>
        <time>2026-04-21T05:02:53.975Z</time>
      </trkpt>
      <trkpt lat="47.778687" lon="11.275742">
        <ele>661.567293</ele>
        <time>2026-04-21T05:03:09.743Z</time>
      </trkpt>
      <trkpt lat="47.778500" lon="11.275671">
        <ele>660.931873</ele>
        <time>2026-04-21T05:03:29.792Z</time>
      </trkpt>
      <trkpt lat="47.778421" lon="11.275637">
        <ele>660.661106</ele>
        <time>2026-04-21T05:03:38.480Z</time>
      </trkpt>
      <trkpt lat="47.778360" lon="11.275578">
        <ele>660.421569</ele>
        <time>2026-04-21T05:03:46.266Z</time>
      </trkpt>
      <trkpt lat="47.778100" lon="11.275225">
        <ele>659.262763</ele>
        <time>2026-04-21T05:04:24.999Z</time>
      </trkpt>
      <trkpt lat="47.777774" lon="11.274971">
        <ele>658.051185</ele>
        <time>2026-04-21T05:05:06.419Z</time>
      </trkpt>
      <trkpt lat="47.777533" lon="11.274690">
        <ele>657.043126</ele>
        <time>2026-04-21T05:05:40.807Z</time>
      </trkpt>
      <trkpt lat="47.777369" lon="11.274596">
        <ele>656.488953</ele>
        <time>2026-04-21T05:06:00.337Z</time>
      </trkpt>
      <trkpt lat="47.777277" lon="11.274578">
        <ele>656.200057</ele>
        <time>2026-04-21T05:06:10.619Z</time>
      </trkpt>
      <trkpt lat="47.777177" lon="11.274423">
        <ele>655.750502</ele>
        <time>2026-04-21T05:06:26.455Z</time>
      </trkpt>
      <trkpt lat="47.777379" lon="11.273667">
        <ele>654.048332</ele>
        <time>2026-04-21T05:07:25.356Z</time>
      </trkpt>
      <trkpt lat="47.777599" lon="11.272986">
        <ele>652.467441</ele>
        <time>2026-04-21T05:08:18.448Z</time>
      </trkpt>
      <trkpt lat="47.777734" lon="11.272434">
        <ele>651.316101</ele>
        <time>2026-04-21T05:08:58.663Z</time>
      </trkpt>
      <trkpt lat="47.777789" lon="11.271577">
        <ele>651.357460</ele>
        <time>2026-04-21T05:09:57.612Z</time>
      </trkpt>
      <trkpt lat="47.777895" lon="11.271025">
        <ele>651.385041</ele>
        <time>2026-04-21T05:10:36.621Z</time>
      </trkpt>
      <trkpt lat="47.777941" lon="11.270657">
        <ele>651.403024</ele>
        <time>2026-04-21T05:11:01.808Z</time>
      </trkpt>
      <trkpt lat="47.777884" lon="11.269419">
        <ele>652.174233</ele>
        <time>2026-04-21T05:12:29.006Z</time>
      </trkpt>
      <trkpt lat="47.777875" lon="11.268668">
        <ele>653.514043</ele>
        <time>2026-04-21T05:13:24.672Z</time>
      </trkpt>
      <trkpt lat="47.777853" lon="11.268490">
        <ele>653.836876</ele>
        <time>2026-04-21T05:13:38.291Z</time>
      </trkpt>
      <trkpt lat="47.777610" lon="11.267531">
        <ele>655.665063</ele>
        <time>2026-04-21T05:14:55.522Z</time>
      </trkpt>
      <trkpt lat="47.777383" lon="11.266777">
        <ele>656.722709</ele>
        <time>2026-04-21T05:15:56.707Z</time>
      </trkpt>
      <trkpt lat="47.776856" lon="11.265572">
        <ele>658.129362</ele>
        <time>2026-04-21T05:17:38.384Z</time>
      </trkpt>
      <trkpt lat="47.776359" lon="11.264149">
        <ele>659.324265</ele>
        <time>2026-04-21T05:19:26.803Z</time>
      </trkpt>
      <trkpt lat="47.776292" lon="11.264004">
        <ele>659.421749</ele>
        <time>2026-04-21T05:19:38.851Z</time>
      </trkpt>
      <trkpt lat="47.776237" lon="11.263948">
        <ele>659.476686</ele>
        <time>2026-04-21T05:19:45.564Z</time>
      </trkpt>
      <trkpt lat="47.776278" lon="11.263141">
        <ele>659.925028</ele>
        <time>2026-04-21T05:20:41.370Z</time>
      </trkpt>
      <trkpt lat="47.776341" lon="11.262633">
        <ele>660.211204</ele>
        <time>2026-04-21T05:21:17.659Z</time>
      </trkpt>
      <trkpt lat="47.776077" lon="11.262245">
        <ele>660.924254</ele>
        <time>2026-04-21T05:21:57.385Z</time>
      </trkpt>
      <trkpt lat="47.775911" lon="11.261868">
        <ele>661.686108</ele>
        <time>2026-04-21T05:22:30.173Z</time>
      </trkpt>
      <trkpt lat="47.775810" lon="11.261738">
        <ele>662.022000</ele>
        <time>2026-04-21T05:22:44.682Z</time>
      </trkpt>
      <trkpt lat="47.775627" lon="11.261748">
        <ele>662.482600</ele>
        <time>2026-04-21T05:23:04.642Z</time>
      </trkpt>
      <trkpt lat="47.775195" lon="11.261894">
        <ele>663.596859</ele>
        <time>2026-04-21T05:23:53.184Z</time>
      </trkpt>
      <trkpt lat="47.774867" lon="11.261962">
        <ele>664.429829</ele>
        <time>2026-04-21T05:24:29.807Z</time>
      </trkpt>
      <trkpt lat="47.774457" lon="11.261971">
        <ele>665.330104</ele>
        <time>2026-04-21T05:25:15.501Z</time>
      </trkpt>
      <trkpt lat="47.774079" lon="11.261766">
        <ele>666.127600</ele>
        <time>2026-04-21T05:26:00.297Z</time>
      </trkpt>
      <trkpt lat="47.773682" lon="11.261684">
        <ele>666.922088</ele>
        <time>2026-04-21T05:26:43.452Z</time>
      </trkpt>
      <trkpt lat="47.773604" lon="11.261637">
        <ele>667.088898</ele>
        <time>2026-04-21T05:26:52.277Z</time>
      </trkpt>
      <trkpt lat="47.773481" lon="11.261509">
        <ele>667.386424</ele>
        <time>2026-04-21T05:27:08.102Z</time>
      </trkpt>
      <trkpt lat="47.773416" lon="11.261400">
        <ele>667.580553</ele>
        <time>2026-04-21T05:27:18.385Z</time>
      </trkpt>
      <trkpt lat="47.773342" lon="11.261176">
        <ele>667.913065</ele>
        <time>2026-04-21T05:27:35.763Z</time>
      </trkpt>
      <trkpt lat="47.772950" lon="11.260819">
        <ele>668.516850</ele>
        <time>2026-04-21T05:28:22.853Z</time>
      </trkpt>
      <trkpt lat="47.772918" lon="11.260745">
        <ele>668.547533</ele>
        <time>2026-04-21T05:28:28.825Z</time>
      </trkpt>
      <trkpt lat="47.772626" lon="11.259116">
        <ele>669.135405</ele>
        <time>2026-04-21T05:30:22.405Z</time>
      </trkpt>
      <trkpt lat="47.772594" lon="11.258962">
        <ele>669.191612</ele>
        <time>2026-04-21T05:30:33.656Z</time>
      </trkpt>
      <trkpt lat="47.772514" lon="11.258768">
        <ele>669.270977</ele>
        <time>2026-04-21T05:30:49.539Z</time>
      </trkpt>
      <trkpt lat="47.772053" lon="11.257876">
        <ele>670.706770</ele>
        <time>2026-04-21T05:32:08.762Z</time>
      </trkpt>
      <trkpt lat="47.771861" lon="11.257636">
        <ele>671.258162</ele>
        <time>2026-04-21T05:32:35.919Z</time>
      </trkpt>
      <trkpt lat="47.771490" lon="11.257280">
        <ele>672.228875</ele>
        <time>2026-04-21T05:33:24.561Z</time>
      </trkpt>
      <trkpt lat="47.771345" lon="11.257039">
        <ele>672.706897</ele>
        <time>2026-04-21T05:33:48.616Z</time>
      </trkpt>
      <trkpt lat="47.770934" lon="11.256000">
        <ele>674.524123</ele>
        <time>2026-04-21T05:35:18.029Z</time>
      </trkpt>
      <trkpt lat="47.770721" lon="11.255280">
        <ele>675.721334</ele>
        <time>2026-04-21T05:36:15.847Z</time>
      </trkpt>
      <trkpt lat="47.770511" lon="11.254348">
        <ele>677.217326</ele>
        <time>2026-04-21T05:37:25.979Z</time>
      </trkpt>
      <trkpt lat="47.770373" lon="11.254017">
        <ele>677.432226</ele>
        <time>2026-04-21T05:37:53.327Z</time>
      </trkpt>
      <trkpt lat="47.770248" lon="11.253627">
        <ele>677.526602</ele>
        <time>2026-04-21T05:38:23.522Z</time>
      </trkpt>
      <trkpt lat="47.770139" lon="11.253022">
        <ele>677.663415</ele>
        <time>2026-04-21T05:39:06.739Z</time>
      </trkpt>
      <trkpt lat="47.770067" lon="11.252130">
        <ele>677.859650</ele>
        <time>2026-04-21T05:40:07.586Z</time>
      </trkpt>
      <trkpt lat="47.770061" lon="11.251766">
        <ele>677.939181</ele>
        <time>2026-04-21T05:40:32.511Z</time>
      </trkpt>
      <trkpt lat="47.770074" lon="11.251427">
        <ele>677.916066</ele>
        <time>2026-04-21T05:40:55.785Z</time>
      </trkpt>
      <trkpt lat="47.770144" lon="11.250869">
        <ele>677.838731</ele>
        <time>2026-04-21T05:41:34.336Z</time>
      </trkpt>
      <trkpt lat="47.770320" lon="11.249995">
        <ele>677.714427</ele>
        <time>2026-04-21T05:42:36.099Z</time>
      </trkpt>
      <trkpt lat="47.770399" lon="11.249735">
        <ele>677.675553</ele>
        <time>2026-04-21T05:42:55.349Z</time>
      </trkpt>
      <trkpt lat="47.770678" lon="11.249050">
        <ele>677.479650</ele>
        <time>2026-04-21T05:43:49.472Z</time>
      </trkpt>
      <trkpt lat="47.770563" lon="11.248760">
        <ele>677.256124</ele>
        <time>2026-04-21T05:44:12.225Z</time>
      </trkpt>
      <trkpt lat="47.770092" lon="11.247979">
        <ele>676.559540</ele>
        <time>2026-04-21T05:45:24.099Z</time>
      </trkpt>
      <trkpt lat="47.769962" lon="11.247660">
        <ele>676.311885</ele>
        <time>2026-04-21T05:45:50.414Z</time>
      </trkpt>
      <trkpt lat="47.769926" lon="11.247438">
        <ele>676.160280</ele>
        <time>2026-04-21T05:46:06.524Z</time>
      </trkpt>
      <trkpt lat="47.769952" lon="11.246672">
        <ele>675.747099</ele>
        <time>2026-04-21T05:46:59.578Z</time>
      </trkpt>
      <trkpt lat="47.769939" lon="11.246540">
        <ele>675.711275</ele>
        <time>2026-04-21T05:47:08.688Z</time>
      </trkpt>
      <trkpt lat="47.769422" lon="11.245963">
        <ele>675.453064</ele>
        <time>2026-04-21T05:48:13.763Z</time>
      </trkpt>
      <trkpt lat="47.769114" lon="11.245551">
        <ele>675.287586</ele>
        <time>2026-04-21T05:48:55.587Z</time>
      </trkpt>
      <trkpt lat="47.768714" lon="11.244882">
        <ele>675.099795</ele>
        <time>2026-04-21T05:49:55.849Z</time>
      </trkpt>
      <trkpt lat="47.768603" lon="11.244639">
        <ele>675.110163</ele>
        <time>2026-04-21T05:50:15.868Z</time>
      </trkpt>
      <trkpt lat="47.768137" lon="11.243311">
        <ele>675.163030</ele>
        <time>2026-04-21T05:51:57.851Z</time>
      </trkpt>
      <trkpt lat="47.768089" lon="11.243113">
        <ele>675.170458</ele>
        <time>2026-04-21T05:52:12.087Z</time>
      </trkpt>
      <trkpt lat="47.768079" lon="11.242909">
        <ele>675.177676</ele>
        <time>2026-04-21T05:52:26.058Z</time>
      </trkpt>
      <trkpt lat="47.768099" lon="11.242668">
        <ele>675.186246</ele>
        <time>2026-04-21T05:52:42.988Z</time>
      </trkpt>
      <trkpt lat="47.768061" lon="11.242195">
        <ele>675.795193</ele>
        <time>2026-04-21T05:53:16.908Z</time>
      </trkpt>
      <trkpt lat="47.767993" lon="11.241852">
        <ele>676.307954</ele>
        <time>2026-04-21T05:53:43.013Z</time>
      </trkpt>
      <trkpt lat="47.767789" lon="11.241096">
        <ele>677.476048</ele>
        <time>2026-04-21T05:54:43.734Z</time>
      </trkpt>
      <trkpt lat="47.767733" lon="11.240963">
        <ele>677.701081</ele>
        <time>2026-04-21T05:54:55.430Z</time>
      </trkpt>
      <trkpt lat="47.767467" lon="11.240513">
        <ele>678.560348</ele>
        <time>2026-04-21T05:55:39.624Z</time>
      </trkpt>
      <trkpt lat="47.767310" lon="11.240164">
        <ele>679.028986</ele>
        <time>2026-04-21T05:56:09.846Z</time>
      </trkpt>
      <trkpt lat="47.767126" lon="11.239521">
        <ele>679.057013</ele>
        <time>2026-04-21T05:56:58.216Z</time>
      </trkpt>
      <trkpt lat="47.766886" lon="11.239182">
        <ele>679.076759</ele>
        <time>2026-04-21T05:57:31.528Z</time>
      </trkpt>
      <trkpt lat="47.766719" lon="11.238639">
        <ele>679.100708</ele>
        <time>2026-04-21T05:58:12.502Z</time>
      </trkpt>
      <trkpt lat="47.766523" lon="11.238370">
        <ele>679.116619</ele>
        <time>2026-04-21T05:58:39.763Z</time>
      </trkpt>
      <trkpt lat="47.766332" lon="11.238179">
        <ele>679.130350</ele>
        <time>2026-04-21T05:59:03.130Z</time>
      </trkpt>
      <trkpt lat="47.765904" lon="11.237506">
        <ele>678.784157</ele>
        <time>2026-04-21T06:00:05.607Z</time>
      </trkpt>
      <trkpt lat="47.765409" lon="11.237072">
        <ele>678.443418</ele>
        <time>2026-04-21T06:01:03.419Z</time>
      </trkpt>
      <trkpt lat="47.765269" lon="11.236870">
        <ele>678.327760</ele>
        <time>2026-04-21T06:01:23.019Z</time>
      </trkpt>
      <trkpt lat="47.764998" lon="11.236378">
        <ele>678.074200</ele>
        <time>2026-04-21T06:02:06.669Z</time>
      </trkpt>
      <trkpt lat="47.764863" lon="11.236201">
        <ele>677.458189</ele>
        <time>2026-04-21T06:02:25.372Z</time>
      </trkpt>
      <trkpt lat="47.764360" lon="11.235846">
        <ele>675.417702</ele>
        <time>2026-04-21T06:03:24.864Z</time>
      </trkpt>
      <trkpt lat="47.764082" lon="11.235515">
        <ele>674.112658</ele>
        <time>2026-04-21T06:04:03.934Z</time>
      </trkpt>
      <trkpt lat="47.763829" lon="11.235285">
        <ele>673.025958</ele>
        <time>2026-04-21T06:04:36.737Z</time>
      </trkpt>
      <trkpt lat="47.763632" lon="11.234998">
        <ele>672.015379</ele>
        <time>2026-04-21T06:05:07.090Z</time>
      </trkpt>
      <trkpt lat="47.763411" lon="11.234579">
        <ele>671.045134</ele>
        <time>2026-04-21T06:05:46.451Z</time>
      </trkpt>
      <trkpt lat="47.762563" lon="11.232983">
        <ele>668.257543</ele>
        <time>2026-04-21T06:08:09.568Z</time>
      </trkpt>
      <trkpt lat="47.762383" lon="11.232526">
        <ele>668.078846</ele>
        <time>2026-04-21T06:08:45.910Z</time>
      </trkpt>
      <trkpt lat="47.759811" lon="11.231975">
        <ele>674.789032</ele>
        <time>2026-04-21T06:13:29.077Z</time>
      </trkpt>
      <trkpt lat="47.760141" lon="11.229550">
        <ele>679.002886</ele>
        <time>2026-04-21T06:16:42.961Z</time>
      </trkpt>
      <trkpt lat="47.760060" lon="11.229516">
        <ele>679.119366</ele>
        <time>2026-04-21T06:16:52.088Z</time>
      </trkpt>
      <trkpt lat="47.759710" lon="11.229380">
        <ele>679.620012</ele>
        <time>2026-04-21T06:17:29.280Z</time>
      </trkpt>
      <trkpt lat="47.759489" lon="11.229323">
        <ele>679.930436</ele>
        <time>2026-04-21T06:17:52.260Z</time>
      </trkpt>
      <trkpt lat="47.759184" lon="11.229211">
        <ele>680.365221</ele>
        <time>2026-04-21T06:18:25.497Z</time>
      </trkpt>
      <trkpt lat="47.758308" lon="11.228932">
        <ele>677.731536</ele>
        <time>2026-04-21T06:20:03.019Z</time>
      </trkpt>
      <trkpt lat="47.757746" lon="11.228815">
        <ele>676.022267</ele>
        <time>2026-04-21T06:21:04.022Z</time>
      </trkpt>
      <trkpt lat="47.757017" lon="11.228565">
        <ele>674.903645</ele>
        <time>2026-04-21T06:22:20.824Z</time>
      </trkpt>
      <trkpt lat="47.756816" lon="11.228523">
        <ele>674.870842</ele>
        <time>2026-04-21T06:22:41.063Z</time>
      </trkpt>
      <trkpt lat="47.755390" lon="11.228338">
        <ele>674.627534</ele>
        <time>2026-04-21T06:25:06.512Z</time>
      </trkpt>
      <trkpt lat="47.755029" lon="11.228309">
        <ele>674.550593</ele>
        <time>2026-04-21T06:25:43.081Z</time>
      </trkpt>
      <trkpt lat="47.754595" lon="11.228341">
        <ele>674.458114</ele>
        <time>2026-04-21T06:26:26.494Z</time>
      </trkpt>
      <trkpt lat="47.753767" lon="11.228430">
        <ele>674.219703</ele>
        <time>2026-04-21T06:27:50.675Z</time>
      </trkpt>
      <trkpt lat="47.751677" lon="11.229002">
        <ele>671.610818</ele>
        <time>2026-04-21T06:31:29.031Z</time>
      </trkpt>
      <trkpt lat="47.751633" lon="11.229063">
        <ele>671.534360</ele>
        <time>2026-04-21T06:31:35.240Z</time>
      </trkpt>
      <trkpt lat="47.751542" lon="11.229090">
        <ele>671.416409</ele>
        <time>2026-04-21T06:31:44.779Z</time>
      </trkpt>
      <trkpt lat="47.751342" lon="11.229345">
        <ele>671.081559</ele>
        <time>2026-04-21T06:32:11.883Z</time>
      </trkpt>
      <trkpt lat="47.751201" lon="11.229434">
        <ele>670.886858</ele>
        <time>2026-04-21T06:32:27.626Z</time>
      </trkpt>
      <trkpt lat="47.751073" lon="11.229389">
        <ele>670.719671</ele>
        <time>2026-04-21T06:32:41.212Z</time>
      </trkpt>
      <trkpt lat="47.750743" lon="11.229181">
        <ele>670.264088</ele>
        <time>2026-04-21T06:33:18.021Z</time>
      </trkpt>
      <trkpt lat="47.750334" lon="11.228909">
        <ele>669.832880</ele>
        <time>2026-04-21T06:34:03.972Z</time>
      </trkpt>
      <trkpt lat="47.749824" lon="11.228769">
        <ele>669.915096</ele>
        <time>2026-04-21T06:34:57.010Z</time>
      </trkpt>
      <trkpt lat="47.749588" lon="11.228777">
        <ele>669.952518</ele>
        <time>2026-04-21T06:35:20.648Z</time>
      </trkpt>
      <trkpt lat="47.749440" lon="11.228727">
        <ele>669.976578</ele>
        <time>2026-04-21T06:35:36.093Z</time>
      </trkpt>
      <trkpt lat="47.748948" lon="11.228462">
        <ele>670.059532</ele>
        <time>2026-04-21T06:36:30.466Z</time>
      </trkpt>
      <trkpt lat="47.749245" lon="11.226653">
        <ele>670.029103</ele>
        <time>2026-04-21T06:38:40.800Z</time>
      </trkpt>
      <trkpt lat="47.749541" lon="11.224681">
        <ele>668.952457</ele>
        <time>2026-04-21T06:41:00.845Z</time>
      </trkpt>
      <trkpt lat="47.749941" lon="11.221975">
        <ele>665.953696</ele>
        <time>2026-04-21T06:44:15.481Z</time>
      </trkpt>
      <trkpt lat="47.749227" lon="11.221841">
        <ele>665.201586</ele>
        <time>2026-04-21T06:45:29.343Z</time>
      </trkpt>
      <trkpt lat="47.747503" lon="11.221609">
        <ele>665.151548</ele>
        <time>2026-04-21T06:48:25.738Z</time>
      </trkpt>
      <trkpt lat="47.746955" lon="11.221501">
        <ele>665.353430</ele>
        <time>2026-04-21T06:49:21.607Z</time>
      </trkpt>
      <trkpt lat="47.746688" lon="11.221414">
        <ele>665.596256</ele>
        <time>2026-04-21T06:49:48.972Z</time>
      </trkpt>
      <trkpt lat="47.746483" lon="11.221242">
        <ele>665.805359</ele>
        <time>2026-04-21T06:50:12.785Z</time>
      </trkpt>
      <trkpt lat="47.746031" lon="11.220555">
        <ele>666.379523</ele>
        <time>2026-04-21T06:51:19.182Z</time>
      </trkpt>
      <trkpt lat="47.745316" lon="11.221329">
        <ele>667.342662</ele>
        <time>2026-04-21T06:52:52.459Z</time>
      </trkpt>
      <trkpt lat="47.745009" lon="11.221615">
        <ele>667.920683</ele>
        <time>2026-04-21T06:53:31.773Z</time>
      </trkpt>
      <trkpt lat="47.743973" lon="11.222741">
        <ele>669.899922</ele>
        <time>2026-04-21T06:55:47.192Z</time>
      </trkpt>
      <trkpt lat="47.742116" lon="11.224629">
        <ele>671.379284</ele>
        <time>2026-04-21T06:59:38.728Z</time>
      </trkpt>
      <trkpt lat="47.741693" lon="11.225115">
        <ele>671.332588</ele>
        <time>2026-04-21T07:00:32.339Z</time>
      </trkpt>
      <trkpt lat="47.741126" lon="11.225886">
        <ele>671.243094</ele>
        <time>2026-04-21T07:01:50.392Z</time>
      </trkpt>
      <trkpt lat="47.740932" lon="11.226050">
        <ele>671.129154</ele>
        <time>2026-04-21T07:02:13.242Z</time>
      </trkpt>
      <trkpt lat="47.740181" lon="11.226465">
        <ele>670.720084</ele>
        <time>2026-04-21T07:03:34.982Z</time>
      </trkpt>
      <trkpt lat="47.739193" lon="11.226799">
        <ele>670.583060</ele>
        <time>2026-04-21T07:05:16.537Z</time>
      </trkpt>
      <trkpt lat="47.737435" lon="11.226935">
        <ele>672.091576</ele>
        <time>2026-04-21T07:08:19.029Z</time>
      </trkpt>
      <trkpt lat="47.736025" lon="11.227135">
        <ele>673.845052</ele>
        <time>2026-04-21T07:10:47.686Z</time>
      </trkpt>
      <trkpt lat="47.735532" lon="11.227021">
        <ele>674.288901</ele>
        <time>2026-04-21T07:11:39.657Z</time>
      </trkpt>
      <trkpt lat="47.735340" lon="11.226952">
        <ele>674.440697</ele>
        <time>2026-04-21T07:12:00.160Z</time>
      </trkpt>
      <trkpt lat="47.733867" lon="11.226502">
        <ele>675.544043</ele>
        <time>2026-04-21T07:14:33.987Z</time>
      </trkpt>
      <trkpt lat="47.733743" lon="11.226494">
        <ele>675.615651</ele>
        <time>2026-04-21T07:14:46.497Z</time>
      </trkpt>
      <trkpt lat="47.733600" lon="11.226449">
        <ele>675.699981</ele>
        <time>2026-04-21T07:15:01.240Z</time>
      </trkpt>
      <trkpt lat="47.733436" lon="11.226447">
        <ele>675.794602</ele>
        <time>2026-04-21T07:15:17.719Z</time>
      </trkpt>
      <trkpt lat="47.733099" lon="11.226616">
        <ele>675.999793</ele>
        <time>2026-04-21T07:15:53.474Z</time>
      </trkpt>
      <trkpt lat="47.732949" lon="11.226675">
        <ele>676.089311</ele>
        <time>2026-04-21T07:16:09.220Z</time>
      </trkpt>
      <trkpt lat="47.732889" lon="11.226692">
        <ele>676.124550</ele>
        <time>2026-04-21T07:16:15.432Z</time>
      </trkpt>
      <trkpt lat="47.732844" lon="11.226403">
        <ele>676.239661</ele>
        <time>2026-04-21T07:16:35.889Z</time>
      </trkpt>
      <trkpt lat="47.732804" lon="11.226368">
        <ele>676.266438</ele>
        <time>2026-04-21T07:16:40.628Z</time>
      </trkpt>
      <trkpt lat="47.732119" lon="11.226314">
        <ele>677.244838</ele>
        <time>2026-04-21T07:17:52.356Z</time>
      </trkpt>
      <trkpt lat="47.732101" lon="11.226375">
        <ele>677.334002</ele>
        <time>2026-04-21T07:17:57.067Z</time>
      </trkpt>
      <trkpt lat="47.732046" lon="11.226648">
        <ele>677.715469</ele>
        <time>2026-04-21T07:18:17.463Z</time>
      </trkpt>
      <trkpt lat="47.732010" lon="11.226983">
        <ele>678.169574</ele>
        <time>2026-04-21T07:18:42.028Z</time>
      </trkpt>
      <trkpt lat="47.732019" lon="11.227561">
        <ele>678.943468</ele>
        <time>2026-04-21T07:19:24.485Z</time>
      </trkpt>
      <trkpt lat="47.732016" lon="11.229356">
        <ele>680.559959</ele>
        <time>2026-04-21T07:21:35.705Z</time>
      </trkpt>
      <trkpt lat="47.732015" lon="11.229819">
        <ele>680.816710</ele>
        <time>2026-04-21T07:22:08.276Z</time>
      </trkpt>
      <trkpt lat="47.731897" lon="11.231573">
        <ele>681.236799</ele>
        <time>2026-04-21T07:24:08.453Z</time>
      </trkpt>
      <trkpt lat="47.730804" lon="11.231633">
        <ele>680.503555</ele>
        <time>2026-04-21T07:26:01.349Z</time>
      </trkpt>
      <trkpt lat="47.728276" lon="11.231678">
        <ele>682.388822</ele>
        <time>2026-04-21T07:30:23.839Z</time>
      </trkpt>
      <trkpt lat="47.727925" lon="11.231738">
        <ele>682.736332</ele>
        <time>2026-04-21T07:31:01.049Z</time>
      </trkpt>
      <trkpt lat="47.727668" lon="11.231870">
        <ele>683.003772</ele>
        <time>2026-04-21T07:31:29.452Z</time>
      </trkpt>
      <trkpt lat="47.727346" lon="11.232026">
        <ele>683.336877</ele>
        <time>2026-04-21T07:32:04.472Z</time>
      </trkpt>
      <trkpt lat="47.727061" lon="11.232073">
        <ele>683.618916</ele>
        <time>2026-04-21T07:32:34.078Z</time>
      </trkpt>
      <trkpt lat="47.726791" lon="11.231987">
        <ele>683.836359</ele>
        <time>2026-04-21T07:33:02.257Z</time>
      </trkpt>
      <trkpt lat="47.726340" lon="11.231649">
        <ele>684.115469</ele>
        <time>2026-04-21T07:33:52.912Z</time>
      </trkpt>
      <trkpt lat="47.726190" lon="11.231588">
        <ele>684.201408</ele>
        <time>2026-04-21T07:34:08.577Z</time>
      </trkpt>
      <trkpt lat="47.724202" lon="11.231326">
        <ele>684.625118</ele>
        <time>2026-04-21T07:37:33.681Z</time>
      </trkpt>
      <trkpt lat="47.724099" lon="11.231342">
        <ele>684.610821</ele>
        <time>2026-04-21T07:37:44.127Z</time>
      </trkpt>
      <trkpt lat="47.723529" lon="11.231748">
        <ele>684.523558</ele>
        <time>2026-04-21T07:38:48.566Z</time>
      </trkpt>
      <trkpt lat="47.722863" lon="11.231995">
        <ele>683.321010</ele>
        <time>2026-04-21T07:40:00.339Z</time>
      </trkpt>
      <trkpt lat="47.722464" lon="11.232075">
        <ele>682.530373</ele>
        <time>2026-04-21T07:40:42.576Z</time>
      </trkpt>
      <trkpt lat="47.722365" lon="11.230798">
        <ele>680.991904</ele>
        <time>2026-04-21T07:42:13.232Z</time>
      </trkpt>
      <trkpt lat="47.722192" lon="11.229540">
        <ele>681.122960</ele>
        <time>2026-04-21T07:43:40.968Z</time>
      </trkpt>
      <trkpt lat="47.722107" lon="11.229588">
        <ele>681.136756</ele>
        <time>2026-04-21T07:43:50.169Z</time>
      </trkpt>
      <trkpt lat="47.722006" lon="11.229582">
        <ele>681.152092</ele>
        <time>2026-04-21T07:44:00.471Z</time>
      </trkpt>
      <trkpt lat="47.721845" lon="11.229508">
        <ele>681.177661</ele>
        <time>2026-04-21T07:44:17.836Z</time>
      </trkpt>
      <trkpt lat="47.721349" lon="11.229283">
        <ele>681.271464</ele>
        <time>2026-04-21T07:45:12.932Z</time>
      </trkpt>
      <trkpt lat="47.721188" lon="11.229234">
        <ele>681.422241</ele>
        <time>2026-04-21T07:45:30.815Z</time>
      </trkpt>
      <trkpt lat="47.720889" lon="11.229217">
        <ele>681.696765</ele>
        <time>2026-04-21T07:46:04.028Z</time>
      </trkpt>
      <trkpt lat="47.720502" lon="11.229334">
        <ele>682.059095</ele>
        <time>2026-04-21T07:46:48.105Z</time>
      </trkpt>
      <trkpt lat="47.719641" lon="11.229814">
        <ele>682.902768</ele>
        <time>2026-04-21T07:48:21.122Z</time>
      </trkpt>
      <trkpt lat="47.719620" lon="11.229826">
        <ele>682.801131</ele>
        <time>2026-04-21T07:48:23.527Z</time>
      </trkpt>
      <trkpt lat="47.719487" lon="11.229886">
        <ele>682.143658</ele>
        <time>2026-04-21T07:48:38.268Z</time>
      </trkpt>
      <trkpt lat="47.719385" lon="11.229905">
        <ele>681.657389</ele>
        <time>2026-04-21T07:48:49.321Z</time>
      </trkpt>
      <trkpt lat="47.719120" lon="11.229884">
        <ele>680.402068</ele>
        <time>2026-04-21T07:49:18.432Z</time>
      </trkpt>
      <trkpt lat="47.718776" lon="11.229818">
        <ele>678.761331</ele>
        <time>2026-04-21T07:49:57.225Z</time>
      </trkpt>
      <trkpt lat="47.718551" lon="11.229682">
        <ele>677.612367</ele>
        <time>2026-04-21T07:50:24.849Z</time>
      </trkpt>
      <trkpt lat="47.717984" lon="11.229224">
        <ele>674.559797</ele>
        <time>2026-04-21T07:51:37.990Z</time>
      </trkpt>
      <trkpt lat="47.717884" lon="11.229170">
        <ele>674.187367</ele>
        <time>2026-04-21T07:51:49.663Z</time>
      </trkpt>
      <trkpt lat="47.717734" lon="11.229158">
        <ele>673.751207</ele>
        <time>2026-04-21T07:52:06.038Z</time>
      </trkpt>
      <trkpt lat="47.717511" lon="11.229251">
        <ele>673.078715</ele>
        <time>2026-04-21T07:52:30.820Z</time>
      </trkpt>
      <trkpt lat="47.716653" lon="11.229954">
        <ele>670.234040</ele>
        <time>2026-04-21T07:54:12.637Z</time>
      </trkpt>
      <trkpt lat="47.716567" lon="11.229987">
        <ele>669.976149</ele>
        <time>2026-04-21T07:54:21.769Z</time>
      </trkpt>
      <trkpt lat="47.716172" lon="11.230094">
        <ele>668.657737</ele>
        <time>2026-04-21T07:55:03.408Z</time>
      </trkpt>
      <trkpt lat="47.715433" lon="11.230379">
        <ele>665.507814</ele>
        <time>2026-04-21T07:56:25.742Z</time>
      </trkpt>
      <trkpt lat="47.715424" lon="11.230306">
        <ele>665.301800</ele>
        <time>2026-04-21T07:56:31.259Z</time>
      </trkpt>
      <trkpt lat="47.715388" lon="11.230325">
        <ele>665.144186</ele>
        <time>2026-04-21T07:56:35.447Z</time>
      </trkpt>
      <trkpt lat="47.715338" lon="11.229513">
        <ele>662.880744</ele>
        <time>2026-04-21T07:57:36.156Z</time>
      </trkpt>
      <trkpt lat="47.715377" lon="11.229307">
        <ele>662.286703</ele>
        <time>2026-04-21T07:57:52.159Z</time>
      </trkpt>
      <trkpt lat="47.715539" lon="11.228920">
        <ele>661.363640</ele>
        <time>2026-04-21T07:58:26.194Z</time>
      </trkpt>
      <trkpt lat="47.715608" lon="11.228666">
        <ele>660.959355</ele>
        <time>2026-04-21T07:58:46.580Z</time>
      </trkpt>
      <trkpt lat="47.715750" lon="11.227901">
        <ele>659.788105</ele>
        <time>2026-04-21T07:59:44.311Z</time>
      </trkpt>
      <trkpt lat="47.715823" lon="11.227220">
        <ele>658.770338</ele>
        <time>2026-04-21T08:00:32.106Z</time>
      </trkpt>
      <trkpt lat="47.715824" lon="11.227005">
        <ele>658.453011</ele>
        <time>2026-04-21T08:00:46.615Z</time>
      </trkpt>
      <trkpt lat="47.715727" lon="11.226355">
        <ele>658.203745</ele>
        <time>2026-04-21T08:01:33.471Z</time>
      </trkpt>
      <trkpt lat="47.715652" lon="11.226009">
        <ele>658.837719</ele>
        <time>2026-04-21T08:02:00.119Z</time>
      </trkpt>
      <trkpt lat="47.715369" lon="11.223229">
        <ele>663.053618</ele>
        <time>2026-04-21T08:05:30.258Z</time>
      </trkpt>
      <trkpt lat="47.715359" lon="11.222948">
        <ele>663.279151</ele>
        <time>2026-04-21T08:05:49.951Z</time>
      </trkpt>
      <trkpt lat="47.715351" lon="11.222536">
        <ele>663.609502</ele>
        <time>2026-04-21T08:06:18.543Z</time>
      </trkpt>
      <trkpt lat="47.715579" lon="11.220202">
        <ele>665.278246</ele>
        <time>2026-04-21T08:08:58.087Z</time>
      </trkpt>
      <trkpt lat="47.715496" lon="11.219947">
        <ele>665.448661</ele>
        <time>2026-04-21T08:09:17.670Z</time>
      </trkpt>
      <trkpt lat="47.715458" lon="11.219733">
        <ele>665.581811</ele>
        <time>2026-04-21T08:09:32.994Z</time>
      </trkpt>
      <trkpt lat="47.715332" lon="11.219485">
        <ele>665.768766</ele>
        <time>2026-04-21T08:09:54.639Z</time>
      </trkpt>
      <trkpt lat="47.714976" lon="11.218963">
        <ele>666.215917</ele>
        <time>2026-04-21T08:10:47.186Z</time>
      </trkpt>
      <trkpt lat="47.714808" lon="11.218829">
        <ele>666.780758</ele>
        <time>2026-04-21T08:11:07.686Z</time>
      </trkpt>
      <trkpt lat="47.714467" lon="11.218730">
        <ele>667.826571</ele>
        <time>2026-04-21T08:11:45.905Z</time>
      </trkpt>
      <trkpt lat="47.714180" lon="11.218725">
        <ele>668.690505</ele>
        <time>2026-04-21T08:12:18.239Z</time>
      </trkpt>
      <trkpt lat="47.713973" lon="11.218578">
        <ele>669.381048</ele>
        <time>2026-04-21T08:12:44.377Z</time>
      </trkpt>
      <trkpt lat="47.713993" lon="11.217601">
        <ele>671.360617</ele>
        <time>2026-04-21T08:13:58.526Z</time>
      </trkpt>
      <trkpt lat="47.714060" lon="11.216879">
        <ele>672.399467</ele>
        <time>2026-04-21T08:14:52.128Z</time>
      </trkpt>
      <trkpt lat="47.713926" lon="11.216885">
        <ele>672.656336</ele>
        <time>2026-04-21T08:15:06.780Z</time>
      </trkpt>
      <trkpt lat="47.713485" lon="11.217096">
        <ele>673.544028</ele>
        <time>2026-04-21T08:15:56.941Z</time>
      </trkpt>
      <trkpt lat="47.713379" lon="11.217156">
        <ele>673.761362</ele>
        <time>2026-04-21T08:16:09.088Z</time>
      </trkpt>
      <trkpt lat="47.713296" lon="11.217211">
        <ele>673.935486</ele>
        <time>2026-04-21T08:16:18.610Z</time>
      </trkpt>
      <trkpt lat="47.713108" lon="11.216073">
        <ele>674.957772</ele>
        <time>2026-04-21T08:17:40.234Z</time>
      </trkpt>
      <trkpt lat="47.712098" lon="11.216248">
        <ele>674.307384</ele>
        <time>2026-04-21T08:19:22.580Z</time>
      </trkpt>
      <trkpt lat="47.711765" lon="11.216291">
        <ele>674.093590</ele>
        <time>2026-04-21T08:19:57.588Z</time>
      </trkpt>
      <trkpt lat="47.710572" lon="11.216563">
        <ele>671.429736</ele>
        <time>2026-04-21T08:22:05.622Z</time>
      </trkpt>
      <trkpt lat="47.710144" lon="11.216787">
        <ele>670.236350</ele>
        <time>2026-04-21T08:22:53.574Z</time>
      </trkpt>
      <trkpt lat="47.709896" lon="11.216856">
        <ele>669.572786</ele>
        <time>2026-04-21T08:23:19.965Z</time>
      </trkpt>
      <trkpt lat="47.709451" lon="11.217104">
        <ele>668.145493</ele>
        <time>2026-04-21T08:24:09.543Z</time>
      </trkpt>
      <trkpt lat="47.708625" lon="11.217570">
        <ele>665.351558</ele>
        <time>2026-04-21T08:25:43.095Z</time>
      </trkpt>
      <trkpt lat="47.708216" lon="11.217847">
        <ele>663.930203</ele>
        <time>2026-04-21T08:26:31.778Z</time>
      </trkpt>
      <trkpt lat="47.707579" lon="11.217972">
        <ele>662.850322</ele>
        <time>2026-04-21T08:27:42.372Z</time>
      </trkpt>
      <trkpt lat="47.707312" lon="11.218095">
        <ele>662.488059</ele>
        <time>2026-04-21T08:28:11.741Z</time>
      </trkpt>
      <trkpt lat="47.706919" lon="11.218583">
        <ele>661.824352</ele>
        <time>2026-04-21T08:29:03.817Z</time>
      </trkpt>
      <trkpt lat="47.706853" lon="11.218554">
        <ele>661.735159</ele>
        <time>2026-04-21T08:29:10.813Z</time>
      </trkpt>
      <trkpt lat="47.706803" lon="11.218423">
        <ele>661.603820</ele>
        <time>2026-04-21T08:29:21.134Z</time>
      </trkpt>
      <trkpt lat="47.706714" lon="11.218019">
        <ele>661.233101</ele>
        <time>2026-04-21T08:29:51.025Z</time>
      </trkpt>
      <trkpt lat="47.706623" lon="11.217889">
        <ele>661.370046</ele>
        <time>2026-04-21T08:30:04.616Z</time>
      </trkpt>
      <trkpt lat="47.706209" lon="11.217647">
        <ele>662.355973</ele>
        <time>2026-04-21T08:30:54.635Z</time>
      </trkpt>
      <trkpt lat="47.705829" lon="11.217519">
        <ele>663.219484</ele>
        <time>2026-04-21T08:31:39.320Z</time>
      </trkpt>
      <trkpt lat="47.705738" lon="11.217512">
        <ele>663.421426</ele>
        <time>2026-04-21T08:31:49.418Z</time>
      </trkpt>
      <trkpt lat="47.705626" lon="11.217437">
        <ele>663.693675</ele>
        <time>2026-04-21T08:32:02.687Z</time>
      </trkpt>
      <trkpt lat="47.705530" lon="11.217184">
        <ele>664.126837</ele>
        <time>2026-04-21T08:32:23.249Z</time>
      </trkpt>
      <trkpt lat="47.705452" lon="11.217059">
        <ele>664.381068</ele>
        <time>2026-04-21T08:32:35.187Z</time>
      </trkpt>
      <trkpt lat="47.705386" lon="11.217020">
        <ele>664.538476</ele>
        <time>2026-04-21T08:32:42.546Z</time>
      </trkpt>
      <trkpt lat="47.705242" lon="11.216793">
        <ele>665.003720</ele>
        <time>2026-04-21T08:33:04.217Z</time>
      </trkpt>
      <trkpt lat="47.705153" lon="11.216696">
        <ele>665.184012</ele>
        <time>2026-04-21T08:33:15.624Z</time>
      </trkpt>
      <trkpt lat="47.704453" lon="11.216351">
        <ele>665.533501</ele>
        <time>2026-04-21T08:34:31.037Z</time>
      </trkpt>
      <trkpt lat="47.704058" lon="11.216120">
        <ele>665.734660</ele>
        <time>2026-04-21T08:35:13.586Z</time>
      </trkpt>
      <trkpt lat="47.704028" lon="11.215771">
        <ele>665.846863</ele>
        <time>2026-04-21T08:35:37.548Z</time>
      </trkpt>
      <trkpt lat="47.703808" lon="11.214398">
        <ele>666.265516</ele>
        <time>2026-04-21T08:37:14.499Z</time>
      </trkpt>
      <trkpt lat="47.703708" lon="11.214430">
        <ele>666.308510</ele>
        <time>2026-04-21T08:37:24.821Z</time>
      </trkpt>
      <trkpt lat="47.703301" lon="11.214647">
        <ele>666.490250</ele>
        <time>2026-04-21T08:38:08.533Z</time>
      </trkpt>
      <trkpt lat="47.703097" lon="11.214863">
        <ele>666.595532</ele>
        <time>2026-04-21T08:38:33.929Z</time>
      </trkpt>
      <trkpt lat="47.702803" lon="11.215096">
        <ele>666.735576</ele>
        <time>2026-04-21T08:39:07.847Z</time>
      </trkpt>
      <trkpt lat="47.701094" lon="11.216169">
        <ele>667.188763</ele>
        <time>2026-04-21T08:42:16.510Z</time>
      </trkpt>
      <trkpt lat="47.700880" lon="11.216333">
        <ele>666.989861</ele>
        <time>2026-04-21T08:42:41.173Z</time>
      </trkpt>
      <trkpt lat="47.700731" lon="11.216511">
        <ele>666.795380</ele>
        <time>2026-04-21T08:43:00.801Z</time>
      </trkpt>
      <trkpt lat="47.700861" lon="11.217110">
        <ele>666.364508</ele>
        <time>2026-04-21T08:43:44.321Z</time>
      </trkpt>
      <trkpt lat="47.700811" lon="11.217222">
        <ele>666.272497</ele>
        <time>2026-04-21T08:43:53.673Z</time>
      </trkpt>
      <trkpt lat="47.700657" lon="11.217320">
        <ele>666.102081</ele>
        <time>2026-04-21T08:44:10.924Z</time>
      </trkpt>
      <trkpt lat="47.700598" lon="11.217358">
        <ele>666.036668</ele>
        <time>2026-04-21T08:44:17.445Z</time>
      </trkpt>
      <trkpt lat="47.700616" lon="11.217430">
        <ele>665.984085</ele>
        <time>2026-04-21T08:44:22.810Z</time>
      </trkpt>
      <trkpt lat="47.700598" lon="11.217358">
        <ele>665.931503</ele>
        <time>2026-04-21T08:44:28.006Z</time>
      </trkpt>
      <trkpt lat="47.700408" lon="11.217453">
        <ele>665.727579</ele>
        <time>2026-04-21T08:44:48.700Z</time>
      </trkpt>
      <trkpt lat="47.700135" lon="11.217533">
        <ele>665.444524</ele>
        <time>2026-04-21T08:45:17.235Z</time>
      </trkpt>
      <trkpt lat="47.699303" lon="11.217652">
        <ele>663.873323</ele>
        <time>2026-04-21T08:46:42.191Z</time>
      </trkpt>
      <trkpt lat="47.698946" lon="11.217827">
        <ele>663.134483</ele>
        <time>2026-04-21T08:47:21.252Z</time>
      </trkpt>
      <trkpt lat="47.698747" lon="11.218011">
        <ele>662.673826</ele>
        <time>2026-04-21T08:47:46.002Z</time>
      </trkpt>
      <trkpt lat="47.698505" lon="11.218319">
        <ele>662.047567</ele>
        <time>2026-04-21T08:48:20.389Z</time>
      </trkpt>
      <trkpt lat="47.698147" lon="11.218928">
        <ele>661.621913</ele>
        <time>2026-04-21T08:49:18.786Z</time>
      </trkpt>
      <trkpt lat="47.698031" lon="11.219074">
        <ele>661.548217</ele>
        <time>2026-04-21T08:49:34.885Z</time>
      </trkpt>
      <trkpt lat="47.697782" lon="11.219243">
        <ele>661.415516</ele>
        <time>2026-04-21T08:50:03.369Z</time>
      </trkpt>
      <trkpt lat="47.697689" lon="11.219264">
        <ele>661.369916</ele>
        <time>2026-04-21T08:50:12.928Z</time>
      </trkpt>
      <trkpt lat="47.697339" lon="11.219224">
        <ele>661.199750</ele>
        <time>2026-04-21T08:50:48.245Z</time>
      </trkpt>
      <trkpt lat="47.697227" lon="11.219144">
        <ele>661.139509</ele>
        <time>2026-04-21T08:51:01.225Z</time>
      </trkpt>
      <trkpt lat="47.697079" lon="11.219012">
        <ele>661.055832</ele>
        <time>2026-04-21T08:51:19.815Z</time>
      </trkpt>
      <trkpt lat="47.696725" lon="11.218473">
        <ele>661.892141</ele>
        <time>2026-04-21T08:52:17.324Z</time>
      </trkpt>
      <trkpt lat="47.696295" lon="11.217891">
        <ele>663.634581</ele>
        <time>2026-04-21T08:53:24.889Z</time>
      </trkpt>
      <trkpt lat="47.696027" lon="11.217618">
        <ele>664.607963</ele>
        <time>2026-04-21T08:54:00.937Z</time>
      </trkpt>
      <trkpt lat="47.695693" lon="11.217447">
        <ele>665.666218</ele>
        <time>2026-04-21T08:54:39.020Z</time>
      </trkpt>
      <trkpt lat="47.695366" lon="11.217220">
        <ele>666.437402</ele>
        <time>2026-04-21T08:55:16.990Z</time>
      </trkpt>
      <trkpt lat="47.695071" lon="11.217024">
        <ele>666.652603</ele>
        <time>2026-04-21T08:55:50.692Z</time>
      </trkpt>
      <trkpt lat="47.694892" lon="11.216965">
        <ele>666.774705</ele>
        <time>2026-04-21T08:56:09.787Z</time>
      </trkpt>
      <trkpt lat="47.694701" lon="11.216951">
        <ele>666.902054</ele>
        <time>2026-04-21T08:56:29.528Z</time>
      </trkpt>
      <trkpt lat="47.694218" lon="11.217023">
        <ele>667.225319</ele>
        <time>2026-04-21T08:57:19.028Z</time>
      </trkpt>
      <trkpt lat="47.694158" lon="11.217111">
        <ele>667.281465</ele>
        <time>2026-04-21T08:57:27.640Z</time>
      </trkpt>
      <trkpt lat="47.694063" lon="11.217429">
        <ele>667.437414</ele>
        <time>2026-04-21T08:57:51.432Z</time>
      </trkpt>
      <trkpt lat="47.694143" lon="11.217851">
        <ele>667.250486</ele>
        <time>2026-04-21T08:58:21.082Z</time>
      </trkpt>
      <trkpt lat="47.694199" lon="11.218111">
        <ele>666.835754</ele>
        <time>2026-04-21T08:58:39.835Z</time>
      </trkpt>
      <trkpt lat="47.694255" lon="11.218426">
        <ele>666.340785</ele>
        <time>2026-04-21T08:59:02.401Z</time>
      </trkpt>
      <trkpt lat="47.694252" lon="11.218651">
        <ele>665.998890</ele>
        <time>2026-04-21T08:59:18.195Z</time>
      </trkpt>
      <trkpt lat="47.694181" lon="11.218891">
        <ele>665.600611</ele>
        <time>2026-04-21T08:59:36.798Z</time>
      </trkpt>
      <trkpt lat="47.693899" lon="11.219533">
        <ele>664.435943</ele>
        <time>2026-04-21T09:00:31.867Z</time>
      </trkpt>
      <trkpt lat="47.693639" lon="11.219800">
        <ele>663.722546</ele>
        <time>2026-04-21T09:01:05.915Z</time>
      </trkpt>
      <trkpt lat="47.693458" lon="11.219927">
        <ele>663.312007</ele>
        <time>2026-04-21T09:01:27.552Z</time>
      </trkpt>
      <trkpt lat="47.692844" lon="11.220172">
        <ele>662.151080</ele>
        <time>2026-04-21T09:02:34.860Z</time>
      </trkpt>
      <trkpt lat="47.691950" lon="11.220470">
        <ele>660.478009</ele>
        <time>2026-04-21T09:04:09.004Z</time>
      </trkpt>
      <trkpt lat="47.691056" lon="11.220768">
        <ele>660.027932</ele>
        <time>2026-04-21T09:05:40.763Z</time>
      </trkpt>
      <trkpt lat="47.690718" lon="11.220778">
        <ele>659.950851</ele>
        <time>2026-04-21T09:06:14.675Z</time>
      </trkpt>
      <trkpt lat="47.690446" lon="11.220885">
        <ele>659.886696</ele>
        <time>2026-04-21T09:06:42.877Z</time>
      </trkpt>
      <trkpt lat="47.690058" lon="11.221213">
        <ele>659.790106</ele>
        <time>2026-04-21T09:07:27.720Z</time>
      </trkpt>
      <trkpt lat="47.689237" lon="11.221345">
        <ele>659.733715</ele>
        <time>2026-04-21T09:08:50.714Z</time>
      </trkpt>
      <trkpt lat="47.688712" lon="11.221424">
        <ele>659.697681</ele>
        <time>2026-04-21T09:09:43.631Z</time>
      </trkpt>
      <trkpt lat="47.688111" lon="11.221457">
        <ele>659.623364</ele>
        <time>2026-04-21T09:10:44.246Z</time>
      </trkpt>
      <trkpt lat="47.687936" lon="11.221466">
        <ele>659.580565</ele>
        <time>2026-04-21T09:11:01.935Z</time>
      </trkpt>
      <trkpt lat="47.687886" lon="11.221469">
        <ele>659.568334</ele>
        <time>2026-04-21T09:11:06.906Z</time>
      </trkpt>
      <trkpt lat="47.687696" lon="11.221084">
        <ele>659.489789</ele>
        <time>2026-04-21T09:11:39.223Z</time>
      </trkpt>
      <trkpt lat="47.687553" lon="11.220440">
        <ele>659.378212</ele>
        <time>2026-04-21T09:12:25.325Z</time>
      </trkpt>
      <trkpt lat="47.687002" lon="11.220480">
        <ele>659.243376</ele>
        <time>2026-04-21T09:13:21.021Z</time>
      </trkpt>
      <trkpt lat="47.686901" lon="11.220448">
        <ele>659.218314</ele>
        <time>2026-04-21T09:13:31.422Z</time>
      </trkpt>
      <trkpt lat="47.686624" lon="11.220264">
        <ele>659.145279</ele>
        <time>2026-04-21T09:14:02.184Z</time>
      </trkpt>
      <trkpt lat="47.686327" lon="11.220221">
        <ele>659.073454</ele>
        <time>2026-04-21T09:14:32.445Z</time>
      </trkpt>
      <trkpt lat="47.686180" lon="11.220278">
        <ele>659.036886</ele>
        <time>2026-04-21T09:14:47.768Z</time>
      </trkpt>
      <trkpt lat="47.685823" lon="11.220585">
        <ele>658.937598</ele>
        <time>2026-04-21T09:15:29.294Z</time>
      </trkpt>
      <trkpt lat="47.685687" lon="11.220648">
        <ele>658.903308</ele>
        <time>2026-04-21T09:15:43.610Z</time>
      </trkpt>
      <trkpt lat="47.685511" lon="11.220758">
        <ele>658.857349</ele>
        <time>2026-04-21T09:16:02.724Z</time>
      </trkpt>
      <trkpt lat="47.685281" lon="11.220974">
        <ele>658.828967</ele>
        <time>2026-04-21T09:16:30.024Z</time>
      </trkpt>
      <trkpt lat="47.685031" lon="11.221146">
        <ele>659.244818</ele>
        <time>2026-04-21T09:16:57.719Z</time>
      </trkpt>
      <trkpt lat="47.684295" lon="11.221541">
        <ele>660.425998</ele>
        <time>2026-04-21T09:18:18.370Z</time>
      </trkpt>
      <trkpt lat="47.683945" lon="11.221693">
        <ele>660.976393</ele>
        <time>2026-04-21T09:18:57.622Z</time>
      </trkpt>
      <trkpt lat="47.683838" lon="11.221786">
        <ele>661.163512</ele>
        <time>2026-04-21T09:19:11.248Z</time>
      </trkpt>
      <trkpt lat="47.683757" lon="11.221932">
        <ele>661.355754</ele>
        <time>2026-04-21T09:19:25.277Z</time>
      </trkpt>
      <trkpt lat="47.683661" lon="11.222247">
        <ele>661.978847</ele>
        <time>2026-04-21T09:19:51.417Z</time>
      </trkpt>
      <trkpt lat="47.683543" lon="11.222294">
        <ele>662.419769</ele>
        <time>2026-04-21T09:20:05.325Z</time>
      </trkpt>
      <trkpt lat="47.682673" lon="11.222427">
        <ele>665.576294</ele>
        <time>2026-04-21T09:21:45.894Z</time>
      </trkpt>
      <trkpt lat="47.682628" lon="11.222407">
        <ele>665.745819</ele>
        <time>2026-04-21T09:21:51.316Z</time>
      </trkpt>
      <trkpt lat="47.682228" lon="11.222594">
        <ele>667.259286</ele>
        <time>2026-04-21T09:22:38.906Z</time>
      </trkpt>
      <trkpt lat="47.681906" lon="11.222369">
        <ele>668.322301</ele>
        <time>2026-04-21T09:23:18.212Z</time>
      </trkpt>
      <trkpt lat="47.681744" lon="11.222349">
        <ele>668.668693</ele>
        <time>2026-04-21T09:23:35.792Z</time>
      </trkpt>
      <trkpt lat="47.681508" lon="11.222380">
        <ele>669.173543</ele>
        <time>2026-04-21T09:24:01.047Z</time>
      </trkpt>
      <trkpt lat="47.681090" lon="11.222306">
        <ele>670.070554</ele>
        <time>2026-04-21T09:24:44.925Z</time>
      </trkpt>
      <trkpt lat="47.680180" lon="11.222216">
        <ele>672.267062</ele>
        <time>2026-04-21T09:26:21.866Z</time>
      </trkpt>
      <trkpt lat="47.680031" lon="11.222176">
        <ele>673.048623</ele>
        <time>2026-04-21T09:26:38.538Z</time>
      </trkpt>
      <trkpt lat="47.679743" lon="11.221993">
        <ele>674.665531</ele>
        <time>2026-04-21T09:27:14.010Z</time>
      </trkpt>
      <trkpt lat="47.679280" lon="11.221914">
        <ele>677.071137</ele>
        <time>2026-04-21T09:28:08.549Z</time>
      </trkpt>
      <trkpt lat="47.679166" lon="11.221866">
        <ele>677.682764</ele>
        <time>2026-04-21T09:28:22.835Z</time>
      </trkpt>
      <trkpt lat="47.679106" lon="11.221784">
        <ele>678.103630</ele>
        <time>2026-04-21T09:28:32.784Z</time>
      </trkpt>
      <trkpt lat="47.679035" lon="11.221534">
        <ele>679.046590</ele>
        <time>2026-04-21T09:28:55.394Z</time>
      </trkpt>
      <trkpt lat="47.678952" lon="11.221428">
        <ele>679.611616</ele>
        <time>2026-04-21T09:29:09.046Z</time>
      </trkpt>
      <trkpt lat="47.678793" lon="11.221365">
        <ele>680.461036</ele>
        <time>2026-04-21T09:29:29.815Z</time>
      </trkpt>
      <trkpt lat="47.678719" lon="11.221387">
        <ele>680.850582</ele>
        <time>2026-04-21T09:29:39.358Z</time>
      </trkpt>
      <trkpt lat="47.678661" lon="11.221496">
        <ele>681.341235</ele>
        <time>2026-04-21T09:29:51.139Z</time>
      </trkpt>
      <trkpt lat="47.678540" lon="11.221608">
        <ele>682.104151</ele>
        <time>2026-04-21T09:30:09.081Z</time>
      </trkpt>
      <trkpt lat="47.678255" lon="11.221642">
        <ele>683.634099</ele>
        <time>2026-04-21T09:30:45.336Z</time>
      </trkpt>
      <trkpt lat="47.677893" lon="11.221797">
        <ele>685.650052</ele>
        <time>2026-04-21T09:31:32.555Z</time>
      </trkpt>
      <trkpt lat="47.676963" lon="11.221796">
        <ele>690.626488</ele>
        <time>2026-04-21T09:33:19.824Z</time>
      </trkpt>
      <trkpt lat="47.676550" lon="11.221642">
        <ele>690.262088</ele>
        <time>2026-04-21T09:34:03.900Z</time>
      </trkpt>
      <trkpt lat="47.676291" lon="11.221523">
        <ele>689.938022</ele>
        <time>2026-04-21T09:34:31.121Z</time>
      </trkpt>
      <trkpt lat="47.676211" lon="11.221345">
        <ele>689.765777</ele>
        <time>2026-04-21T09:34:45.830Z</time>
      </trkpt>
      <trkpt lat="47.676163" lon="11.221472">
        <ele>689.648560</ele>
        <time>2026-04-21T09:34:55.877Z</time>
      </trkpt>
      <trkpt lat="47.676348" lon="11.222181">
        <ele>689.036579</ele>
        <time>2026-04-21T09:35:49.402Z</time>
      </trkpt>
      <trkpt lat="47.676409" lon="11.223323">
        <ele>685.776313</ele>
        <time>2026-04-21T09:37:13.347Z</time>
      </trkpt>
      <trkpt lat="47.676456" lon="11.223686">
        <ele>684.029952</ele>
        <time>2026-04-21T09:37:41.466Z</time>
      </trkpt>
      <trkpt lat="47.675468" lon="11.224092">
        <ele>676.837141</ele>
        <time>2026-04-21T09:39:40.810Z</time>
      </trkpt>
      <trkpt lat="47.675420" lon="11.224070">
        <ele>676.484674</ele>
        <time>2026-04-21T09:39:46.723Z</time>
      </trkpt>
      <trkpt lat="47.675348" lon="11.223839">
        <ele>675.168598</ele>
        <time>2026-04-21T09:40:07.167Z</time>
      </trkpt>
      <trkpt lat="47.674975" lon="11.223893">
        <ele>672.108072</ele>
        <time>2026-04-21T09:40:51.533Z</time>
      </trkpt>
      <trkpt lat="47.673851" lon="11.223906">
        <ele>662.928698</ele>
        <time>2026-04-21T09:43:01.598Z</time>
      </trkpt>
      <trkpt lat="47.673737" lon="11.224356">
        <ele>660.226006</ele>
        <time>2026-04-21T09:43:38.898Z</time>
      </trkpt>
      <trkpt lat="47.673087" lon="11.224469">
        <ele>654.567337</ele>
        <time>2026-04-21T09:44:54.995Z</time>
      </trkpt>
      <trkpt lat="47.672939" lon="11.224452">
        <ele>653.283817</ele>
        <time>2026-04-21T09:45:12.204Z</time>
      </trkpt>
      <trkpt lat="47.672124" lon="11.224598">
        <ele>646.185749</ele>
        <time>2026-04-21T09:46:49.050Z</time>
      </trkpt>
      <trkpt lat="47.671996" lon="11.224571">
        <ele>645.109611</ele>
        <time>2026-04-21T09:47:04.807Z</time>
      </trkpt>
      <trkpt lat="47.671982" lon="11.224189">
        <ele>643.021778</ele>
        <time>2026-04-21T09:47:35.843Z</time>
      </trkpt>
      <trkpt lat="47.671538" lon="11.224563">
        <ele>638.884751</ele>
        <time>2026-04-21T09:48:36.433Z</time>
      </trkpt>
      <trkpt lat="47.671381" lon="11.224601">
        <ele>637.595533</ele>
        <time>2026-04-21T09:48:55.051Z</time>
      </trkpt>
      <trkpt lat="47.671315" lon="11.224662">
        <ele>636.965491</ele>
        <time>2026-04-21T09:49:04.084Z</time>
      </trkpt>
      <trkpt lat="47.671214" lon="11.224686">
        <ele>636.136509</ele>
        <time>2026-04-21T09:49:16.063Z</time>
      </trkpt>
      <trkpt lat="47.671078" lon="11.224764">
        <ele>634.954933</ele>
        <time>2026-04-21T09:49:32.914Z</time>
      </trkpt>
      <trkpt lat="47.670989" lon="11.224874">
        <ele>634.016482</ele>
        <time>2026-04-21T09:49:46.244Z</time>
      </trkpt>
      <trkpt lat="47.670797" lon="11.225238">
        <ele>631.493028</ele>
        <time>2026-04-21T09:50:21.635Z</time>
      </trkpt>
      <trkpt lat="47.670574" lon="11.225489">
        <ele>630.398615</ele>
        <time>2026-04-21T09:50:52.499Z</time>
      </trkpt>
      <trkpt lat="47.670410" lon="11.225822">
        <ele>629.515115</ele>
        <time>2026-04-21T09:51:22.153Z</time>
      </trkpt>
      <trkpt lat="47.669745" lon="11.225338">
        <ele>627.159931</ele>
        <time>2026-04-21T09:52:40.422Z</time>
      </trkpt>
      <trkpt lat="47.669666" lon="11.225575">
        <ele>626.593603</ele>
        <time>2026-04-21T09:52:59.135Z</time>
      </trkpt>
      <trkpt lat="47.669613" lon="11.225518">
        <ele>626.385492</ele>
        <time>2026-04-21T09:53:05.901Z</time>
      </trkpt>
      <trkpt lat="47.669343" lon="11.224869">
        <ele>625.310662</ele>
        <time>2026-04-21T09:53:59.113Z</time>
      </trkpt>
      <trkpt lat="47.669159" lon="11.224414">
        <ele>625.101998</ele>
        <time>2026-04-21T09:54:35.977Z</time>
      </trkpt>
      <trkpt lat="47.669044" lon="11.223976">
        <ele>624.917168</ele>
        <time>2026-04-21T09:55:08.397Z</time>
      </trkpt>
      <trkpt lat="47.669075" lon="11.223446">
        <ele>624.708009</ele>
        <time>2026-04-21T09:55:44.597Z</time>
      </trkpt>
      <trkpt lat="47.669067" lon="11.223148">
        <ele>624.590754</ele>
        <time>2026-04-21T09:56:04.882Z</time>
      </trkpt>
      <trkpt lat="47.669004" lon="11.222955">
        <ele>624.506429</ele>
        <time>2026-04-21T09:56:19.625Z</time>
      </trkpt>
      <trkpt lat="47.669257" lon="11.222349">
        <ele>624.668625</ele>
        <time>2026-04-21T09:57:09.340Z</time>
      </trkpt>
      <trkpt lat="47.669307" lon="11.222092">
        <ele>624.854104</ele>
        <time>2026-04-21T09:57:28.087Z</time>
      </trkpt>
      <trkpt lat="47.669310" lon="11.221825">
        <ele>625.039255</ele>
        <time>2026-04-21T09:57:46.905Z</time>
      </trkpt>
      <trkpt lat="47.669244" lon="11.221634">
        <ele>625.188103</ele>
        <time>2026-04-21T09:58:02.017Z</time>
      </trkpt>
      <trkpt lat="47.669035" lon="11.221282">
        <ele>625.513483</ele>
        <time>2026-04-21T09:58:34.885Z</time>
      </trkpt>
      <trkpt lat="47.668894" lon="11.220817">
        <ele>625.867071</ele>
        <time>2026-04-21T09:59:10.531Z</time>
      </trkpt>
      <trkpt lat="47.668782" lon="11.220578">
        <ele>626.068959</ele>
        <time>2026-04-21T09:59:30.833Z</time>
      </trkpt>
      <trkpt lat="47.668447" lon="11.220135">
        <ele>626.949879</ele>
        <time>2026-04-21T10:00:17.398Z</time>
      </trkpt>
      <trkpt lat="47.668329" lon="11.219890">
        <ele>627.457758</ele>
        <time>2026-04-21T10:00:38.621Z</time>
      </trkpt>
      <trkpt lat="47.668296" lon="11.219839">
        <ele>627.577013</ele>
        <time>2026-04-21T10:00:43.628Z</time>
      </trkpt>
      <trkpt lat="47.668021" lon="11.219408">
        <ele>628.578123</ele>
        <time>2026-04-21T10:01:26.166Z</time>
      </trkpt>
      <trkpt lat="47.667721" lon="11.219097">
        <ele>629.494201</ele>
        <time>2026-04-21T10:02:06.369Z</time>
      </trkpt>
      <trkpt lat="47.667566" lon="11.218851">
        <ele>630.062238</ele>
        <time>2026-04-21T10:02:31.971Z</time>
      </trkpt>
      <trkpt lat="47.667488" lon="11.218561">
        <ele>630.588779</ele>
        <time>2026-04-21T10:02:56.166Z</time>
      </trkpt>
      <trkpt lat="47.667491" lon="11.218291">
        <ele>631.185007</ele>
        <time>2026-04-21T10:03:17.204Z</time>
      </trkpt>
      <trkpt lat="47.667553" lon="11.218021">
        <ele>631.890062</ele>
        <time>2026-04-21T10:03:39.597Z</time>
      </trkpt>
      <trkpt lat="47.667862" lon="11.217288">
        <ele>634.027404</ele>
        <time>2026-04-21T10:04:47.335Z</time>
      </trkpt>
      <trkpt lat="47.667905" lon="11.217034">
        <ele>634.674713</ele>
        <time>2026-04-21T10:05:07.467Z</time>
      </trkpt>
      <trkpt lat="47.667898" lon="11.216310">
        <ele>636.464308</ele>
        <time>2026-04-21T10:06:01.995Z</time>
      </trkpt>
      <trkpt lat="47.667932" lon="11.216017">
        <ele>637.199148</ele>
        <time>2026-04-21T10:06:23.949Z</time>
      </trkpt>
      <trkpt lat="47.667895" lon="11.215348">
        <ele>636.919596</ele>
        <time>2026-04-21T10:07:12.409Z</time>
      </trkpt>
      <trkpt lat="47.667895" lon="11.214882">
        <ele>636.597894</ele>
        <time>2026-04-21T10:07:44.124Z</time>
      </trkpt>
      <trkpt lat="47.667935" lon="11.214509">
        <ele>636.337149</ele>
        <time>2026-04-21T10:08:10.410Z</time>
      </trkpt>
      <trkpt lat="47.668105" lon="11.214016">
        <ele>635.954785</ele>
        <time>2026-04-21T10:08:49.787Z</time>
      </trkpt>
      <trkpt lat="47.667808" lon="11.213761">
        <ele>635.603092</ele>
        <time>2026-04-21T10:09:26.503Z</time>
      </trkpt>
      <trkpt lat="47.667594" lon="11.213598">
        <ele>635.157169</ele>
        <time>2026-04-21T10:09:52.503Z</time>
      </trkpt>
      <trkpt lat="47.667570" lon="11.213577">
        <ele>635.088653</ele>
        <time>2026-04-21T10:09:55.422Z</time>
      </trkpt>
      <trkpt lat="47.667215" lon="11.213317">
        <ele>634.115066</ele>
        <time>2026-04-21T10:10:38.410Z</time>
      </trkpt>
      <trkpt lat="47.667039" lon="11.213024">
        <ele>633.464735</ele>
        <time>2026-04-21T10:11:07.109Z</time>
      </trkpt>
      <trkpt lat="47.666965" lon="11.212803">
        <ele>633.055921</ele>
        <time>2026-04-21T10:11:24.847Z</time>
      </trkpt>
      <trkpt lat="47.666898" lon="11.212416">
        <ele>632.394053</ele>
        <time>2026-04-21T10:11:52.970Z</time>
      </trkpt>
      <trkpt lat="47.666782" lon="11.212177">
        <ele>631.906074</ele>
        <time>2026-04-21T10:12:13.198Z</time>
      </trkpt>
      <trkpt lat="47.666822" lon="11.212055">
        <ele>631.681317</ele>
        <time>2026-04-21T10:12:22.431Z</time>
      </trkpt>
      <trkpt lat="47.666717" lon="11.212028">
        <ele>631.419215</ele>
        <time>2026-04-21T10:12:33.243Z</time>
      </trkpt>
      <trkpt lat="47.666583" lon="11.211913">
        <ele>631.054959</ele>
        <time>2026-04-21T10:12:48.783Z</time>
      </trkpt>
      <trkpt lat="47.666239" lon="11.211623">
        <ele>630.519287</ele>
        <time>2026-04-21T10:13:28.519Z</time>
      </trkpt>
      <trkpt lat="47.665886" lon="11.211546">
        <ele>630.036135</ele>
        <time>2026-04-21T10:14:04.485Z</time>
      </trkpt>
      <trkpt lat="47.665716" lon="11.211579">
        <ele>629.803968</ele>
        <time>2026-04-21T10:14:21.947Z</time>
      </trkpt>
      <trkpt lat="47.665619" lon="11.211514">
        <ele>629.659858</ele>
        <time>2026-04-21T10:14:32.765Z</time>
      </trkpt>
      <trkpt lat="47.665527" lon="11.211523">
        <ele>629.535004</ele>
        <time>2026-04-21T10:14:42.319Z</time>
      </trkpt>
      <trkpt lat="47.665305" lon="11.211669">
        <ele>629.206212</ele>
        <time>2026-04-21T10:15:07.516Z</time>
      </trkpt>
      <trkpt lat="47.665232" lon="11.211650">
        <ele>629.105851</ele>
        <time>2026-04-21T10:15:15.337Z</time>
      </trkpt>
      <trkpt lat="47.665077" lon="11.211668">
        <ele>628.895314</ele>
        <time>2026-04-21T10:15:31.806Z</time>
      </trkpt>
      <trkpt lat="47.664354" lon="11.211339">
        <ele>627.101900</ele>
        <time>2026-04-21T10:16:52.642Z</time>
      </trkpt>
      <trkpt lat="47.663382" lon="11.211160">
        <ele>624.446972</ele>
        <time>2026-04-21T10:18:36.405Z</time>
      </trkpt>
      <trkpt lat="47.662693" lon="11.210944">
        <ele>623.210265</ele>
        <time>2026-04-21T10:19:49.734Z</time>
      </trkpt>
      <trkpt lat="47.660270" lon="11.210131">
        <ele>620.702779</ele>
        <time>2026-04-21T10:24:02.627Z</time>
      </trkpt>
      <trkpt lat="47.660209" lon="11.210279">
        <ele>620.614544</ele>
        <time>2026-04-21T10:24:14.500Z</time>
      </trkpt>
      <trkpt lat="47.660187" lon="11.210455">
        <ele>620.523516</ele>
        <time>2026-04-21T10:24:26.810Z</time>
      </trkpt>
      <trkpt lat="47.660081" lon="11.210592">
        <ele>620.417410</ele>
        <time>2026-04-21T10:24:41.165Z</time>
      </trkpt>
      <trkpt lat="47.660000" lon="11.210530">
        <ele>620.348605</ele>
        <time>2026-04-21T10:24:50.388Z</time>
      </trkpt>
      <trkpt lat="47.659690" lon="11.210505">
        <ele>620.209553</ele>
        <time>2026-04-21T10:25:21.781Z</time>
      </trkpt>
      <trkpt lat="47.659426" lon="11.210555">
        <ele>620.222622</ele>
        <time>2026-04-21T10:25:48.682Z</time>
      </trkpt>
      <trkpt lat="47.659238" lon="11.210557">
        <ele>620.231855</ele>
        <time>2026-04-21T10:26:07.670Z</time>
      </trkpt>
      <trkpt lat="47.658861" lon="11.210672">
        <ele>620.250755</ele>
        <time>2026-04-21T10:26:46.660Z</time>
      </trkpt>
      <trkpt lat="47.658538" lon="11.210603">
        <ele>620.266780</ele>
        <time>2026-04-21T10:27:19.916Z</time>
      </trkpt>
      <trkpt lat="47.658317" lon="11.210359">
        <ele>620.280304</ele>
        <time>2026-04-21T10:27:47.868Z</time>
      </trkpt>
      <trkpt lat="47.658109" lon="11.210214">
        <ele>620.291589</ele>
        <time>2026-04-21T10:28:11.125Z</time>
      </trkpt>
      <trkpt lat="47.657976" lon="11.209850">
        <ele>620.293836</ele>
        <time>2026-04-21T10:28:39.190Z</time>
      </trkpt>
      <trkpt lat="47.656993" lon="11.210189">
        <ele>620.300502</ele>
        <time>2026-04-21T10:30:20.405Z</time>
      </trkpt>
      <trkpt lat="47.655030" lon="11.210373">
        <ele>620.415079</ele>
        <time>2026-04-21T10:33:37.240Z</time>
      </trkpt>
      <trkpt lat="47.654794" lon="11.210268">
        <ele>620.434004</ele>
        <time>2026-04-21T10:34:02.169Z</time>
      </trkpt>
      <trkpt lat="47.654690" lon="11.210275">
        <ele>620.442001</ele>
        <time>2026-04-21T10:34:12.616Z</time>
      </trkpt>
      <trkpt lat="47.654531" lon="11.210343">
        <ele>620.473321</ele>
        <time>2026-04-21T10:34:29.401Z</time>
      </trkpt>
      <trkpt lat="47.654248" lon="11.210341">
        <ele>620.527145</ele>
        <time>2026-04-21T10:34:58.040Z</time>
      </trkpt>
      <trkpt lat="47.653927" lon="11.210285">
        <ele>620.588616</ele>
        <time>2026-04-21T10:35:30.605Z</time>
      </trkpt>
      <trkpt lat="47.653444" lon="11.210129">
        <ele>620.682627</ele>
        <time>2026-04-21T10:36:20.476Z</time>
      </trkpt>
      <trkpt lat="47.652823" lon="11.209964">
        <ele>620.803871</ele>
        <time>2026-04-21T10:37:23.972Z</time>
      </trkpt>
      <trkpt lat="47.652730" lon="11.209965">
        <ele>620.822768</ele>
        <time>2026-04-21T10:37:33.283Z</time>
      </trkpt>
      <trkpt lat="47.652424" lon="11.210233">
        <ele>620.894957</ele>
        <time>2026-04-21T10:38:09.067Z</time>
      </trkpt>
      <trkpt lat="47.652243" lon="11.210408">
        <ele>620.938846</ele>
        <time>2026-04-21T10:38:30.773Z</time>
      </trkpt>
      <trkpt lat="47.652104" lon="11.210446">
        <ele>620.967564</ele>
        <time>2026-04-21T10:38:44.989Z</time>
      </trkpt>
      <trkpt lat="47.651430" lon="11.210403">
        <ele>621.104637</ele>
        <time>2026-04-21T10:39:52.932Z</time>
      </trkpt>
      <trkpt lat="47.651250" lon="11.210425">
        <ele>621.141334</ele>
        <time>2026-04-21T10:40:11.226Z</time>
      </trkpt>
      <trkpt lat="47.651051" lon="11.210380">
        <ele>621.200011</ele>
        <time>2026-04-21T10:40:31.580Z</time>
      </trkpt>
      <trkpt lat="47.650787" lon="11.210364">
        <ele>621.282982</ele>
        <time>2026-04-21T10:40:58.314Z</time>
      </trkpt>
      <trkpt lat="47.650584" lon="11.210374">
        <ele>621.346764</ele>
        <time>2026-04-21T10:41:18.779Z</time>
      </trkpt>
      <trkpt lat="47.649440" lon="11.210586">
        <ele>621.708796</ele>
        <time>2026-04-21T10:43:15.404Z</time>
      </trkpt>
      <trkpt lat="47.648651" lon="11.210508">
        <ele>622.058981</ele>
        <time>2026-04-21T10:44:35.679Z</time>
      </trkpt>
      <trkpt lat="47.647886" lon="11.210479">
        <ele>622.400177</ele>
        <time>2026-04-21T10:45:53.627Z</time>
      </trkpt>
      <trkpt lat="47.646399" lon="11.210331">
        <ele>622.960509</ele>
        <time>2026-04-21T10:48:25.426Z</time>
      </trkpt>
      <trkpt lat="47.646393" lon="11.210358">
        <ele>622.967426</ele>
        <time>2026-04-21T10:48:27.406Z</time>
      </trkpt>
      <trkpt lat="47.646233" lon="11.211026">
        <ele>623.139927</ele>
        <time>2026-04-21T10:49:15.441Z</time>
      </trkpt>
      <trkpt lat="47.646174" lon="11.211195">
        <ele>623.167951</ele>
        <time>2026-04-21T10:49:28.321Z</time>
      </trkpt>
      <trkpt lat="47.646231" lon="11.211173">
        <ele>623.169993</ele>
        <time>2026-04-21T10:49:34.218Z</time>
      </trkpt>
      <trkpt lat="47.646174" lon="11.211195">
        <ele>623.172035</ele>
        <time>2026-04-21T10:49:40.135Z</time>
      </trkpt>
      <trkpt lat="47.646076" lon="11.211305">
        <ele>623.176296</ele>
        <time>2026-04-21T10:49:52.465Z</time>
      </trkpt>
      <trkpt lat="47.645944" lon="11.211397">
        <ele>623.181353</ele>
        <time>2026-04-21T10:50:07.179Z</time>
      </trkpt>
      <trkpt lat="47.645519" lon="11.211600">
        <ele>623.196836</ele>
        <time>2026-04-21T10:50:52.123Z</time>
      </trkpt>
      <trkpt lat="47.645053" lon="11.211921">
        <ele>623.214651</ele>
        <time>2026-04-21T10:51:43.697Z</time>
      </trkpt>
      <trkpt lat="47.644718" lon="11.212240">
        <ele>623.228331</ele>
        <time>2026-04-21T10:52:23.667Z</time>
      </trkpt>
      <trkpt lat="47.644548" lon="11.212471">
        <ele>623.222711</ele>
        <time>2026-04-21T10:52:46.745Z</time>
      </trkpt>
      <trkpt lat="47.644458" lon="11.212690">
        <ele>623.218496</ele>
        <time>2026-04-21T10:53:04.049Z</time>
      </trkpt>
      <trkpt lat="47.644315" lon="11.212583">
        <ele>623.214591</ele>
        <time>2026-04-21T10:53:20.119Z</time>
      </trkpt>
      <trkpt lat="47.644174" lon="11.212216">
        <ele>623.207651</ele>
        <time>2026-04-21T10:53:48.673Z</time>
      </trkpt>
      <trkpt lat="47.643918" lon="11.211919">
        <ele>623.199728</ele>
        <time>2026-04-21T10:54:21.379Z</time>
      </trkpt>
      <trkpt lat="47.643676" lon="11.211777">
        <ele>623.193383</ele>
        <time>2026-04-21T10:54:47.499Z</time>
      </trkpt>
      <trkpt lat="47.642308" lon="11.211764">
        <ele>623.619792</ele>
        <time>2026-04-21T10:57:06.218Z</time>
      </trkpt>
      <trkpt lat="47.641401" lon="11.211799">
        <ele>624.003978</ele>
        <time>2026-04-21T10:58:38.896Z</time>
      </trkpt>
      <trkpt lat="47.640401" lon="11.211695">
        <ele>624.359682</ele>
        <time>2026-04-21T11:00:20.657Z</time>
      </trkpt>
      <trkpt lat="47.639502" lon="11.211549">
        <ele>624.660499</ele>
        <time>2026-04-21T11:01:51.934Z</time>
      </trkpt>
      <trkpt lat="47.638770" lon="11.211602">
        <ele>624.854114</ele>
        <time>2026-04-21T11:03:05.854Z</time>
      </trkpt>
      <trkpt lat="47.638439" lon="11.211722">
        <ele>624.944131</ele>
        <time>2026-04-21T11:03:40.327Z</time>
      </trkpt>
      <trkpt lat="47.638242" lon="11.211872">
        <ele>625.002626</ele>
        <time>2026-04-21T11:04:02.751Z</time>
      </trkpt>
      <trkpt lat="47.637313" lon="11.212369">
        <ele>625.334268</ele>
        <time>2026-04-21T11:05:42.534Z</time>
      </trkpt>
      <trkpt lat="47.636364" lon="11.212493">
        <ele>625.681501</ele>
        <time>2026-04-21T11:07:19.127Z</time>
      </trkpt>
      <trkpt lat="47.635827" lon="11.212342">
        <ele>626.057821</ele>
        <time>2026-04-21T11:08:14.908Z</time>
      </trkpt>
      <trkpt lat="47.635119" lon="11.212054">
        <ele>626.645628</ele>
        <time>2026-04-21T11:09:30.330Z</time>
      </trkpt>
      <trkpt lat="47.634964" lon="11.211921">
        <ele>626.788989</ele>
        <time>2026-04-21T11:09:48.844Z</time>
      </trkpt>
      <trkpt lat="47.634895" lon="11.211917">
        <ele>626.844279</ele>
        <time>2026-04-21T11:09:55.947Z</time>
      </trkpt>
      <trkpt lat="47.633966" lon="11.212444">
        <ele>627.889274</ele>
        <time>2026-04-21T11:11:39.294Z</time>
      </trkpt>
      <trkpt lat="47.633715" lon="11.212776">
        <ele>628.301618</ele>
        <time>2026-04-21T11:12:14.398Z</time>
      </trkpt>
      <trkpt lat="47.633432" lon="11.212887">
        <ele>628.660597</ele>
        <time>2026-04-21T11:12:45.053Z</time>
      </trkpt>
      <trkpt lat="47.633208" lon="11.212865">
        <ele>628.935903</ele>
        <time>2026-04-21T11:13:08.610Z</time>
      </trkpt>
      <trkpt lat="47.632909" lon="11.213038">
        <ele>629.329472</ele>
        <time>2026-04-21T11:13:42.461Z</time>
      </trkpt>
      <trkpt lat="47.632693" lon="11.213252">
        <ele>629.539909</ele>
        <time>2026-04-21T11:14:09.977Z</time>
      </trkpt>
      <trkpt lat="47.632518" lon="11.213605">
        <ele>629.756732</ele>
        <time>2026-04-21T11:14:40.885Z</time>
      </trkpt>
      <trkpt lat="47.632457" lon="11.213779">
        <ele>629.853775</ele>
        <time>2026-04-21T11:14:54.564Z</time>
      </trkpt>
      <trkpt lat="47.632446" lon="11.213995">
        <ele>629.960951</ele>
        <time>2026-04-21T11:15:09.566Z</time>
      </trkpt>
      <trkpt lat="47.632548" lon="11.214423">
        <ele>630.185565</ele>
        <time>2026-04-21T11:15:40.658Z</time>
      </trkpt>
      <trkpt lat="47.632537" lon="11.214543">
        <ele>630.245484</ele>
        <time>2026-04-21T11:15:48.926Z</time>
      </trkpt>
      <trkpt lat="47.632484" lon="11.214677">
        <ele>630.322359</ele>
        <time>2026-04-21T11:15:59.531Z</time>
      </trkpt>
      <trkpt lat="47.632375" lon="11.214793">
        <ele>630.420840</ele>
        <time>2026-04-21T11:16:13.113Z</time>
      </trkpt>
      <trkpt lat="47.632230" lon="11.214847">
        <ele>630.530602</ele>
        <time>2026-04-21T11:16:28.359Z</time>
      </trkpt>
      <trkpt lat="47.632108" lon="11.214804">
        <ele>630.622667</ele>
        <time>2026-04-21T11:16:41.018Z</time>
      </trkpt>
      <trkpt lat="47.632025" lon="11.214769">
        <ele>630.686019</ele>
        <time>2026-04-21T11:16:49.790Z</time>
      </trkpt>
      <trkpt lat="47.631960" lon="11.214770">
        <ele>630.716702</ele>
        <time>2026-04-21T11:16:56.334Z</time>
      </trkpt>
      <trkpt lat="47.631826" lon="11.214740">
        <ele>630.767018</ele>
        <time>2026-04-21T11:17:10.013Z</time>
      </trkpt>
      <trkpt lat="47.631707" lon="11.214550">
        <ele>630.831919</ele>
        <time>2026-04-21T11:17:27.519Z</time>
      </trkpt>
      <trkpt lat="47.631594" lon="11.214496">
        <ele>630.875997</ele>
        <time>2026-04-21T11:17:39.443Z</time>
      </trkpt>
      <trkpt lat="47.631605" lon="11.214632">
        <ele>630.910270</ele>
        <time>2026-04-21T11:17:48.704Z</time>
      </trkpt>
      <trkpt lat="47.631507" lon="11.215007">
        <ele>631.010907</ele>
        <time>2026-04-21T11:18:15.892Z</time>
      </trkpt>
      <trkpt lat="47.631434" lon="11.215081">
        <ele>631.043731</ele>
        <time>2026-04-21T11:18:24.841Z</time>
      </trkpt>
      <trkpt lat="47.631374" lon="11.215091">
        <ele>631.066149</ele>
        <time>2026-04-21T11:18:30.964Z</time>
      </trkpt>
      <trkpt lat="47.631364" lon="11.215093">
        <ele>631.069895</ele>
        <time>2026-04-21T11:18:31.955Z</time>
      </trkpt>
      <trkpt lat="47.630656" lon="11.214593">
        <ele>631.361020</ele>
        <time>2026-04-21T11:19:51.439Z</time>
      </trkpt>
      <trkpt lat="47.630552" lon="11.214602">
        <ele>631.542362</ele>
        <time>2026-04-21T11:20:02.185Z</time>
      </trkpt>
      <trkpt lat="47.630336" lon="11.214770">
        <ele>632.028949</ele>
        <time>2026-04-21T11:20:27.405Z</time>
      </trkpt>
      <trkpt lat="47.630467" lon="11.215243">
        <ele>632.716567</ele>
        <time>2026-04-21T11:21:03.622Z</time>
      </trkpt>
      <trkpt lat="47.630545" lon="11.215473">
        <ele>633.062779</ele>
        <time>2026-04-21T11:21:22.200Z</time>
      </trkpt>
      <trkpt lat="47.630638" lon="11.215749">
        <ele>633.477696</ele>
        <time>2026-04-21T11:21:44.658Z</time>
      </trkpt>
      <trkpt lat="47.630882" lon="11.216664">
        <ele>634.800832</ele>
        <time>2026-04-21T11:22:57.339Z</time>
      </trkpt>
      <trkpt lat="47.631058" lon="11.217323">
        <ele>636.036435</ele>
        <time>2026-04-21T11:23:50.797Z</time>
      </trkpt>
      <trkpt lat="47.631108" lon="11.217511">
        <ele>636.404367</ele>
        <time>2026-04-21T11:24:06.070Z</time>
      </trkpt>
      <trkpt lat="47.631214" lon="11.217925">
        <ele>637.210593</ele>
        <time>2026-04-21T11:24:39.096Z</time>
      </trkpt>
      <trkpt lat="47.631267" lon="11.218155">
        <ele>637.653096</ele>
        <time>2026-04-21T11:24:57.015Z</time>
      </trkpt>
      <trkpt lat="47.631423" lon="11.218870">
        <ele>639.021226</ele>
        <time>2026-04-21T11:25:51.782Z</time>
      </trkpt>
      <trkpt lat="47.631692" lon="11.219720">
        <ele>640.729338</ele>
        <time>2026-04-21T11:27:00.277Z</time>
      </trkpt>
      <trkpt lat="47.631748" lon="11.219893">
        <ele>641.078192</ele>
        <time>2026-04-21T11:27:14.194Z</time>
      </trkpt>
      <trkpt lat="47.631914" lon="11.220587">
        <ele>642.416760</ele>
        <time>2026-04-21T11:28:08.087Z</time>
      </trkpt>
      <trkpt lat="47.631834" lon="11.220819">
        <ele>642.890460</ele>
        <time>2026-04-21T11:28:27.400Z</time>
      </trkpt>
      <trkpt lat="47.631842" lon="11.220985">
        <ele>643.192964</ele>
        <time>2026-04-21T11:28:39.762Z</time>
      </trkpt>
      <trkpt lat="47.631771" lon="11.221415">
        <ele>643.997682</ele>
        <time>2026-04-21T11:29:13.174Z</time>
      </trkpt>
      <trkpt lat="47.631462" lon="11.222105">
        <ele>645.496649</ele>
        <time>2026-04-21T11:30:15.260Z</time>
      </trkpt>
      <trkpt lat="47.631430" lon="11.222571">
        <ele>646.341054</ele>
        <time>2026-04-21T11:30:50.088Z</time>
      </trkpt>
      <trkpt lat="47.631521" lon="11.223159">
        <ele>647.428629</ele>
        <time>2026-04-21T11:31:34.642Z</time>
      </trkpt>
      <trkpt lat="47.631488" lon="11.223466">
        <ele>647.989051</ele>
        <time>2026-04-21T11:31:57.574Z</time>
      </trkpt>
      <trkpt lat="47.631444" lon="11.223639">
        <ele>648.322388</ele>
        <time>2026-04-21T11:32:11.159Z</time>
      </trkpt>
      <trkpt lat="47.631334" lon="11.223887">
        <ele>648.857603</ele>
        <time>2026-04-21T11:32:32.865Z</time>
      </trkpt>
      <trkpt lat="47.631191" lon="11.224063">
        <ele>649.354585</ele>
        <time>2026-04-21T11:32:52.828Z</time>
      </trkpt>
      <trkpt lat="47.631334" lon="11.223887">
        <ele>649.788151</ele>
        <time>2026-04-21T11:33:12.661Z</time>
      </trkpt>
      <trkpt lat="47.631191" lon="11.224063">
        <ele>650.200895</ele>
        <time>2026-04-21T11:33:32.558Z</time>
      </trkpt>
      <trkpt lat="47.630794" lon="11.224362">
        <ele>651.189972</ele>
        <time>2026-04-21T11:34:20.662Z</time>
      </trkpt>
      <trkpt lat="47.630670" lon="11.224580">
        <ele>651.617070</ele>
        <time>2026-04-21T11:34:41.637Z</time>
      </trkpt>
      <trkpt lat="47.630647" lon="11.224555">
        <ele>651.680409</ele>
        <time>2026-04-21T11:34:44.755Z</time>
      </trkpt>
      <trkpt lat="47.630574" lon="11.224467">
        <ele>651.889358</ele>
        <time>2026-04-21T11:34:54.955Z</time>
      </trkpt>
      <trkpt lat="47.630366" lon="11.224026">
        <ele>652.695249</ele>
        <time>2026-04-21T11:35:34.621Z</time>
      </trkpt>
      <trkpt lat="47.630113" lon="11.223629">
        <ele>653.472610</ele>
        <time>2026-04-21T11:36:14.367Z</time>
      </trkpt>
      <trkpt lat="47.629943" lon="11.223404">
        <ele>653.463769</ele>
        <time>2026-04-21T11:36:38.571Z</time>
      </trkpt>
      <trkpt lat="47.629759" lon="11.223162">
        <ele>653.454226</ele>
        <time>2026-04-21T11:37:04.407Z</time>
      </trkpt>
      <trkpt lat="47.629609" lon="11.222976">
        <ele>653.446639</ele>
        <time>2026-04-21T11:37:24.738Z</time>
      </trkpt>
      <trkpt lat="47.629383" lon="11.222444">
        <ele>653.430189</ele>
        <time>2026-04-21T11:38:07.521Z</time>
      </trkpt>
      <trkpt lat="47.628945" lon="11.221359">
        <ele>652.677363</ele>
        <time>2026-04-21T11:39:35.503Z</time>
      </trkpt>
      <trkpt lat="47.628538" lon="11.220317">
        <ele>649.098404</ele>
        <time>2026-04-21T11:41:02.883Z</time>
      </trkpt>
      <trkpt lat="47.628428" lon="11.219649">
        <ele>647.054920</ele>
        <time>2026-04-21T11:41:54.591Z</time>
      </trkpt>
      <trkpt lat="47.628421" lon="11.219478">
        <ele>646.545825</ele>
        <time>2026-04-21T11:42:07.576Z</time>
      </trkpt>
      <trkpt lat="47.628402" lon="11.219085">
        <ele>645.360050</ele>
        <time>2026-04-21T11:42:37.655Z</time>
      </trkpt>
      <trkpt lat="47.628536" lon="11.218605">
        <ele>643.580202</ele>
        <time>2026-04-21T11:43:17.344Z</time>
      </trkpt>
      <trkpt lat="47.628676" lon="11.218309">
        <ele>642.341386</ele>
        <time>2026-04-21T11:43:44.853Z</time>
      </trkpt>
      <trkpt lat="47.629134" lon="11.217627">
        <ele>639.043130</ele>
        <time>2026-04-21T11:44:56.639Z</time>
      </trkpt>
      <trkpt lat="47.628809" lon="11.217191">
        <ele>636.816007</ele>
        <time>2026-04-21T11:45:43.973Z</time>
      </trkpt>
      <trkpt lat="47.629033" lon="11.216667">
        <ele>635.420001</ele>
        <time>2026-04-21T11:46:28.529Z</time>
      </trkpt>
      <trkpt lat="47.629157" lon="11.216495">
        <ele>634.941243</ele>
        <time>2026-04-21T11:46:46.501Z</time>
      </trkpt>
      <trkpt lat="47.628897" lon="11.216108">
        <ele>633.902539</ele>
        <time>2026-04-21T11:47:25.246Z</time>
      </trkpt>
      <trkpt lat="47.627507" lon="11.215417">
        <ele>630.593791</ele>
        <time>2026-04-21T11:49:59.937Z</time>
      </trkpt>
      <trkpt lat="47.627427" lon="11.215365">
        <ele>630.484120</ele>
        <time>2026-04-21T11:50:09.011Z</time>
      </trkpt>
      <trkpt lat="47.627314" lon="11.215291">
        <ele>630.329023</ele>
        <time>2026-04-21T11:50:21.772Z</time>
      </trkpt>
      <trkpt lat="47.627214" lon="11.215234">
        <ele>630.194508</ele>
        <time>2026-04-21T11:50:32.755Z</time>
      </trkpt>
      <trkpt lat="47.626927" lon="11.215077">
        <ele>629.810415</ele>
        <time>2026-04-21T11:51:03.981Z</time>
      </trkpt>
      <trkpt lat="47.626686" lon="11.215025">
        <ele>629.504612</ele>
        <time>2026-04-21T11:51:28.695Z</time>
      </trkpt>
      <trkpt lat="47.626091" lon="11.215021">
        <ele>629.001357</ele>
        <time>2026-04-21T11:52:28.333Z</time>
      </trkpt>
      <trkpt lat="47.625711" lon="11.215065">
        <ele>629.007977</ele>
        <time>2026-04-21T11:53:07.016Z</time>
      </trkpt>
      <trkpt lat="47.625462" lon="11.215276">
        <ele>629.012957</ele>
        <time>2026-04-21T11:53:35.996Z</time>
      </trkpt>
      <trkpt lat="47.625192" lon="11.215443">
        <ele>629.018038</ele>
        <time>2026-04-21T11:54:05.313Z</time>
      </trkpt>
      <trkpt lat="47.624777" lon="11.215605">
        <ele>629.025491</ele>
        <time>2026-04-21T11:54:48.557Z</time>
      </trkpt>
      <trkpt lat="47.624595" lon="11.215641">
        <ele>629.028680</ele>
        <time>2026-04-21T11:55:07.056Z</time>
      </trkpt>
      <trkpt lat="47.624198" lon="11.215662">
        <ele>629.245766</ele>
        <time>2026-04-21T11:55:46.936Z</time>
      </trkpt>
      <trkpt lat="47.623847" lon="11.215554">
        <ele>629.459360</ele>
        <time>2026-04-21T11:56:23.135Z</time>
      </trkpt>
      <trkpt lat="47.623668" lon="11.215427">
        <ele>629.577585</ele>
        <time>2026-04-21T11:56:43.293Z</time>
      </trkpt>
      <trkpt lat="47.622940" lon="11.214739">
        <ele>630.091890</ele>
        <time>2026-04-21T11:58:12.881Z</time>
      </trkpt>
      <trkpt lat="47.621797" lon="11.213732">
        <ele>631.993417</ele>
        <time>2026-04-21T12:00:33.900Z</time>
      </trkpt>
      <trkpt lat="47.621134" lon="11.212885">
        <ele>633.664982</ele>
        <time>2026-04-21T12:02:04.534Z</time>
      </trkpt>
      <trkpt lat="47.620671" lon="11.212383">
        <ele>635.095475</ele>
        <time>2026-04-21T12:03:05.022Z</time>
      </trkpt>
      <trkpt lat="47.620528" lon="11.212103">
        <ele>635.686136</ele>
        <time>2026-04-21T12:03:30.408Z</time>
      </trkpt>
      <trkpt lat="47.620142" lon="11.210570">
        <ele>640.779649</ele>
        <time>2026-04-21T12:05:37.076Z</time>
      </trkpt>
      <trkpt lat="47.619821" lon="11.209452">
        <ele>646.621611</ele>
        <time>2026-04-21T12:07:22.101Z</time>
      </trkpt>
      <trkpt lat="47.619444" lon="11.208386">
        <ele>650.901535</ele>
        <time>2026-04-21T12:09:08.563Z</time>
      </trkpt>
      <trkpt lat="47.619250" lon="11.207943">
        <ele>651.847935</ele>
        <time>2026-04-21T12:09:51.743Z</time>
      </trkpt>
      <trkpt lat="47.619130" lon="11.207500">
        <ele>652.703240</ele>
        <time>2026-04-21T12:10:27.365Z</time>
      </trkpt>
      <trkpt lat="47.619044" lon="11.207034">
        <ele>653.568788</ele>
        <time>2026-04-21T12:11:00.112Z</time>
      </trkpt>
      <trkpt lat="47.619014" lon="11.206419">
        <ele>654.673423</ele>
        <time>2026-04-21T12:11:43.735Z</time>
      </trkpt>
      <trkpt lat="47.618966" lon="11.206247">
        <ele>654.434778</ele>
        <time>2026-04-21T12:11:57.343Z</time>
      </trkpt>
      <trkpt lat="47.618880" lon="11.206042">
        <ele>653.744425</ele>
        <time>2026-04-21T12:12:15.112Z</time>
      </trkpt>
      <trkpt lat="47.618771" lon="11.205881">
        <ele>653.092015</ele>
        <time>2026-04-21T12:12:32.009Z</time>
      </trkpt>
      <trkpt lat="47.618618" lon="11.205571">
        <ele>651.993511</ele>
        <time>2026-04-21T12:13:00.754Z</time>
      </trkpt>
      <trkpt lat="47.617975" lon="11.204600">
        <ele>648.101769</ele>
        <time>2026-04-21T12:14:40.847Z</time>
      </trkpt>
      <trkpt lat="47.617732" lon="11.204355">
        <ele>646.824091</ele>
        <time>2026-04-21T12:15:12.630Z</time>
      </trkpt>
      <trkpt lat="47.617163" lon="11.203886">
        <ele>643.775295</ele>
        <time>2026-04-21T12:16:24.120Z</time>
      </trkpt>
      <trkpt lat="47.617019" lon="11.203727">
        <ele>642.934518</ele>
        <time>2026-04-21T12:16:44.160Z</time>
      </trkpt>
      <trkpt lat="47.616891" lon="11.203547">
        <ele>642.108444</ele>
        <time>2026-04-21T12:17:03.758Z</time>
      </trkpt>
      <trkpt lat="47.616454" lon="11.202766">
        <ele>638.903802</ele>
        <time>2026-04-21T12:18:19.422Z</time>
      </trkpt>
      <trkpt lat="47.616347" lon="11.202637">
        <ele>638.560636</ele>
        <time>2026-04-21T12:18:34.599Z</time>
      </trkpt>
      <trkpt lat="47.615221" lon="11.201703">
        <ele>636.368057</ele>
        <time>2026-04-21T12:20:49.131Z</time>
      </trkpt>
      <trkpt lat="47.614718" lon="11.201243">
        <ele>636.147821</ele>
        <time>2026-04-21T12:21:49.964Z</time>
      </trkpt>
      <trkpt lat="47.614076" lon="11.200733">
        <ele>638.017692</ele>
        <time>2026-04-21T12:23:07.526Z</time>
      </trkpt>
      <trkpt lat="47.613437" lon="11.200167">
        <ele>639.928615</ele>
        <time>2026-04-21T12:24:30.753Z</time>
      </trkpt>
      <trkpt lat="47.613174" lon="11.200009">
        <ele>640.858444</ele>
        <time>2026-04-21T12:25:03.658Z</time>
      </trkpt>
      <trkpt lat="47.612185" lon="11.199653">
        <ele>644.920605</ele>
        <time>2026-04-21T12:27:04.976Z</time>
      </trkpt>
      <trkpt lat="47.612023" lon="11.199623">
        <ele>645.572247</ele>
        <time>2026-04-21T12:27:24.156Z</time>
      </trkpt>
      <trkpt lat="47.611594" lon="11.199307">
        <ele>647.468334</ele>
        <time>2026-04-21T12:28:17.070Z</time>
      </trkpt>
      <trkpt lat="47.611301" lon="11.199396">
        <ele>646.883954</ele>
        <time>2026-04-21T12:28:47.069Z</time>
      </trkpt>
      <trkpt lat="47.611160" lon="11.199392">
        <ele>646.608400</ele>
        <time>2026-04-21T12:29:01.685Z</time>
      </trkpt>
      <trkpt lat="47.611029" lon="11.199328">
        <ele>646.338910</ele>
        <time>2026-04-21T12:29:16.197Z</time>
      </trkpt>
      <trkpt lat="47.610972" lon="11.199260">
        <ele>646.195985</ele>
        <time>2026-04-21T12:29:23.961Z</time>
      </trkpt>
      <trkpt lat="47.610909" lon="11.199085">
        <ele>645.934657</ele>
        <time>2026-04-21T12:29:38.079Z</time>
      </trkpt>
      <trkpt lat="47.610725" lon="11.198855">
        <ele>645.464500</ele>
        <time>2026-04-21T12:30:03.925Z</time>
      </trkpt>
      <trkpt lat="47.610158" lon="11.198447">
        <ele>644.233144</ele>
        <time>2026-04-21T12:31:12.140Z</time>
      </trkpt>
      <trkpt lat="47.609809" lon="11.198309">
        <ele>643.701602</ele>
        <time>2026-04-21T12:31:50.692Z</time>
      </trkpt>
      <trkpt lat="47.608446" lon="11.198012">
        <ele>642.095979</ele>
        <time>2026-04-21T12:34:10.917Z</time>
      </trkpt>
      <trkpt lat="47.608132" lon="11.197871">
        <ele>641.774289</ele>
        <time>2026-04-21T12:34:44.344Z</time>
      </trkpt>
      <trkpt lat="47.607871" lon="11.197710">
        <ele>641.578842</ele>
        <time>2026-04-21T12:35:12.808Z</time>
      </trkpt>
      <trkpt lat="47.607657" lon="11.197664">
        <ele>641.429331</ele>
        <time>2026-04-21T12:35:34.532Z</time>
      </trkpt>
      <trkpt lat="47.607307" lon="11.197567">
        <ele>641.183144</ele>
        <time>2026-04-21T12:36:10.725Z</time>
      </trkpt>
      <trkpt lat="47.606565" lon="11.197165">
        <ele>640.636952</ele>
        <time>2026-04-21T12:37:31.460Z</time>
      </trkpt>
      <trkpt lat="47.606385" lon="11.196796">
        <ele>640.217284</ele>
        <time>2026-04-21T12:38:03.072Z</time>
      </trkpt>
      <trkpt lat="47.606105" lon="11.196569">
        <ele>639.761478</ele>
        <time>2026-04-21T12:38:36.304Z</time>
      </trkpt>
      <trkpt lat="47.605805" lon="11.196356">
        <ele>639.286384</ele>
        <time>2026-04-21T12:39:10.824Z</time>
      </trkpt>
      <trkpt lat="47.605702" lon="11.196216">
        <ele>639.086820</ele>
        <time>2026-04-21T12:39:25.271Z</time>
      </trkpt>
      <trkpt lat="47.605356" lon="11.195909">
        <ele>638.510899</ele>
        <time>2026-04-21T12:40:06.912Z</time>
      </trkpt>
      <trkpt lat="47.604845" lon="11.195308">
        <ele>638.009044</ele>
        <time>2026-04-21T12:41:13.655Z</time>
      </trkpt>
      <trkpt lat="47.604333" lon="11.194594">
        <ele>637.921792</ele>
        <time>2026-04-21T12:42:24.506Z</time>
      </trkpt>
      <trkpt lat="47.604105" lon="11.194429">
        <ele>637.890296</ele>
        <time>2026-04-21T12:42:50.375Z</time>
      </trkpt>
      <trkpt lat="47.603466" lon="11.194487">
        <ele>637.769339</ele>
        <time>2026-04-21T12:43:56.374Z</time>
      </trkpt>
      <trkpt lat="47.603400" lon="11.194540">
        <ele>637.735604</ele>
        <time>2026-04-21T12:44:04.078Z</time>
      </trkpt>
      <trkpt lat="47.603239" lon="11.194775">
        <ele>637.634071</ele>
        <time>2026-04-21T12:44:27.236Z</time>
      </trkpt>
      <trkpt lat="47.603150" lon="11.194851">
        <ele>637.587911</ele>
        <time>2026-04-21T12:44:37.743Z</time>
      </trkpt>
      <trkpt lat="47.603004" lon="11.194849">
        <ele>637.522285</ele>
        <time>2026-04-21T12:44:52.415Z</time>
      </trkpt>
      <trkpt lat="47.602800" lon="11.194788">
        <ele>637.428747</ele>
        <time>2026-04-21T12:45:13.322Z</time>
      </trkpt>
      <trkpt lat="47.602662" lon="11.194732">
        <ele>637.364439</ele>
        <time>2026-04-21T12:45:27.825Z</time>
      </trkpt>
      <trkpt lat="47.602458" lon="11.194585">
        <ele>637.262497</ele>
        <time>2026-04-21T12:45:50.890Z</time>
      </trkpt>
      <trkpt lat="47.602276" lon="11.194367">
        <ele>637.157344</ele>
        <time>2026-04-21T12:46:14.934Z</time>
      </trkpt>
      <trkpt lat="47.601527" lon="11.193337">
        <ele>636.367936</ele>
        <time>2026-04-21T12:48:01.344Z</time>
      </trkpt>
      <trkpt lat="47.601189" lon="11.192933">
        <ele>635.971394</ele>
        <time>2026-04-21T12:48:45.662Z</time>
      </trkpt>
      <trkpt lat="47.601044" lon="11.192694">
        <ele>635.773369</ele>
        <time>2026-04-21T12:49:07.593Z</time>
      </trkpt>
      <trkpt lat="47.600200" lon="11.191304">
        <ele>635.821294</ele>
        <time>2026-04-21T12:51:15.951Z</time>
      </trkpt>
      <trkpt lat="47.599511" lon="11.190381">
        <ele>636.323095</ele>
        <time>2026-04-21T12:52:50.829Z</time>
      </trkpt>
      <trkpt lat="47.599035" lon="11.189692">
        <ele>636.775768</ele>
        <time>2026-04-21T12:53:59.097Z</time>
      </trkpt>
      <trkpt lat="47.598833" lon="11.189460">
        <ele>636.952229</ele>
        <time>2026-04-21T12:54:25.277Z</time>
      </trkpt>
      <trkpt lat="47.598686" lon="11.189399">
        <ele>637.057657</ele>
        <time>2026-04-21T12:54:40.954Z</time>
      </trkpt>
      <trkpt lat="47.598225" lon="11.189457">
        <ele>637.377196</ele>
        <time>2026-04-21T12:55:28.364Z</time>
      </trkpt>
      <trkpt lat="47.598191" lon="11.189323">
        <ele>637.443876</ele>
        <time>2026-04-21T12:55:38.335Z</time>
      </trkpt>
      <trkpt lat="47.598176" lon="11.189047">
        <ele>637.572835</ele>
        <time>2026-04-21T12:55:57.593Z</time>
      </trkpt>
      <trkpt lat="47.598155" lon="11.188964">
        <ele>637.592661</ele>
        <time>2026-04-21T12:56:03.774Z</time>
      </trkpt>
      <trkpt lat="47.597957" lon="11.188674">
        <ele>637.617021</ele>
        <time>2026-04-21T12:56:32.596Z</time>
      </trkpt>
      <trkpt lat="47.597813" lon="11.188485">
        <ele>637.633854</ele>
        <time>2026-04-21T12:56:52.485Z</time>
      </trkpt>
      <trkpt lat="47.597455" lon="11.188027">
        <ele>637.675241</ele>
        <time>2026-04-21T12:57:39.925Z</time>
      </trkpt>
      <trkpt lat="47.597225" lon="11.187731">
        <ele>637.701898</ele>
        <time>2026-04-21T12:58:10.525Z</time>
      </trkpt>
      <trkpt lat="47.597181" lon="11.187666">
        <ele>637.707334</ele>
        <time>2026-04-21T12:58:16.773Z</time>
      </trkpt>
      <trkpt lat="47.597158" lon="11.187561">
        <ele>637.713851</ele>
        <time>2026-04-21T12:58:24.287Z</time>
      </trkpt>
      <trkpt lat="47.597175" lon="11.187416">
        <ele>637.722538</ele>
        <time>2026-04-21T12:58:34.277Z</time>
      </trkpt>
      <trkpt lat="47.597210" lon="11.187325">
        <ele>637.728722</ele>
        <time>2026-04-21T12:58:41.425Z</time>
      </trkpt>
      <trkpt lat="47.597302" lon="11.187162">
        <ele>637.741269</ele>
        <time>2026-04-21T12:58:55.890Z</time>
      </trkpt>
      <trkpt lat="47.597318" lon="11.187137">
        <ele>637.743304</ele>
        <time>2026-04-21T12:58:58.257Z</time>
      </trkpt>
      <trkpt lat="47.597516" lon="11.186800">
        <ele>637.638740</ele>
        <time>2026-04-21T12:59:28.783Z</time>
      </trkpt>
      <trkpt lat="47.597539" lon="11.186753">
        <ele>637.622393</ele>
        <time>2026-04-21T12:59:32.760Z</time>
      </trkpt>
      <trkpt lat="47.597410" lon="11.186609">
        <ele>637.554990</ele>
        <time>2026-04-21T12:59:49.198Z</time>
      </trkpt>
      <trkpt lat="47.597074" lon="11.186340">
        <ele>637.395591</ele>
        <time>2026-04-21T13:00:28.025Z</time>
      </trkpt>
      <trkpt lat="47.596589" lon="11.185987">
        <ele>637.170055</ele>
        <time>2026-04-21T13:01:22.750Z</time>
      </trkpt>
      <trkpt lat="47.596042" lon="11.185659">
        <ele>637.084656</ele>
        <time>2026-04-21T13:02:21.808Z</time>
      </trkpt>
      <trkpt lat="47.595703" lon="11.185522">
        <ele>637.263993</ele>
        <time>2026-04-21T13:02:57.260Z</time>
      </trkpt>
      <trkpt lat="47.594532" lon="11.185249">
        <ele>637.869016</ele>
        <time>2026-04-21T13:04:58.905Z</time>
      </trkpt>
      <trkpt lat="47.594412" lon="11.185195">
        <ele>637.930572</ele>
        <time>2026-04-21T13:05:11.724Z</time>
      </trkpt>
      <trkpt lat="47.594253" lon="11.185051">
        <ele>638.013304</ele>
        <time>2026-04-21T13:05:30.854Z</time>
      </trkpt>
      <trkpt lat="47.594045" lon="11.184922">
        <ele>638.113421</ele>
        <time>2026-04-21T13:05:53.856Z</time>
      </trkpt>
      <trkpt lat="47.593865" lon="11.184708">
        <ele>638.215869</ele>
        <time>2026-04-21T13:06:17.332Z</time>
      </trkpt>
      <trkpt lat="47.593593" lon="11.184502">
        <ele>638.351494</ele>
        <time>2026-04-21T13:06:48.532Z</time>
      </trkpt>
      <trkpt lat="47.593337" lon="11.184245">
        <ele>638.488775</ele>
        <time>2026-04-21T13:07:19.953Z</time>
      </trkpt>
      <trkpt lat="47.592963" lon="11.183731">
        <ele>638.712501</ele>
        <time>2026-04-21T13:08:11.516Z</time>
      </trkpt>
      <trkpt lat="47.592473" lon="11.182696">
        <ele>638.652714</ele>
        <time>2026-04-21T13:09:36.916Z</time>
      </trkpt>
      <trkpt lat="47.592304" lon="11.182425">
        <ele>638.635264</ele>
        <time>2026-04-21T13:10:01.933Z</time>
      </trkpt>
      <trkpt lat="47.591899" lon="11.181865">
        <ele>638.596442</ele>
        <time>2026-04-21T13:10:57.552Z</time>
      </trkpt>
      <trkpt lat="47.591327" lon="11.181159">
        <ele>638.309166</ele>
        <time>2026-04-21T13:12:12.240Z</time>
      </trkpt>
      <trkpt lat="47.591062" lon="11.180954">
        <ele>638.172325</ele>
        <time>2026-04-21T13:12:42.532Z</time>
      </trkpt>
      <trkpt lat="47.590769" lon="11.180483">
        <ele>637.974480</ele>
        <time>2026-04-21T13:13:26.360Z</time>
      </trkpt>
      <trkpt lat="47.590492" lon="11.180401">
        <ele>637.845161</ele>
        <time>2026-04-21T13:13:55.097Z</time>
      </trkpt>
      <trkpt lat="47.589958" lon="11.180324">
        <ele>637.647416</ele>
        <time>2026-04-21T13:14:49.589Z</time>
      </trkpt>
      <trkpt lat="47.589687" lon="11.180153">
        <ele>637.551997</ele>
        <time>2026-04-21T13:15:19.543Z</time>
      </trkpt>
      <trkpt lat="47.589503" lon="11.179926">
        <ele>637.474448</ele>
        <time>2026-04-21T13:15:43.818Z</time>
      </trkpt>
      <trkpt lat="47.589318" lon="11.179698">
        <ele>637.396511</ele>
        <time>2026-04-21T13:16:08.066Z</time>
      </trkpt>
      <trkpt lat="47.588902" lon="11.179099">
        <ele>637.208640</ele>
        <time>2026-04-21T13:17:06.469Z</time>
      </trkpt>
      <trkpt lat="47.588353" lon="11.178382">
        <ele>637.394278</ele>
        <time>2026-04-21T13:18:20.660Z</time>
      </trkpt>
      <trkpt lat="47.588177" lon="11.178121">
        <ele>637.476735</ele>
        <time>2026-04-21T13:18:45.766Z</time>
      </trkpt>
      <trkpt lat="47.588062" lon="11.177864">
        <ele>637.545639</ele>
        <time>2026-04-21T13:19:06.738Z</time>
      </trkpt>
      <trkpt lat="47.587816" lon="11.177296">
        <ele>637.696450</ele>
        <time>2026-04-21T13:19:52.717Z</time>
      </trkpt>
      <trkpt lat="47.587670" lon="11.177047">
        <ele>637.770163</ele>
        <time>2026-04-21T13:20:15.267Z</time>
      </trkpt>
      <trkpt lat="47.587527" lon="11.176875">
        <ele>637.916472</ele>
        <time>2026-04-21T13:20:33.992Z</time>
      </trkpt>
      <trkpt lat="47.587101" lon="11.176523">
        <ele>638.329718</ele>
        <time>2026-04-21T13:21:24.148Z</time>
      </trkpt>
      <trkpt lat="47.586202" lon="11.175993">
        <ele>639.149505</ele>
        <time>2026-04-21T13:23:05.074Z</time>
      </trkpt>
      <trkpt lat="47.585738" lon="11.175816">
        <ele>639.260936</ele>
        <time>2026-04-21T13:23:54.433Z</time>
      </trkpt>
      <trkpt lat="47.585577" lon="11.175697">
        <ele>639.237288</ele>
        <time>2026-04-21T13:24:12.553Z</time>
      </trkpt>
      <trkpt lat="47.585403" lon="11.175558">
        <ele>639.211306</ele>
        <time>2026-04-21T13:24:32.389Z</time>
      </trkpt>
      <trkpt lat="47.585238" lon="11.175370">
        <ele>639.183951</ele>
        <time>2026-04-21T13:24:53.453Z</time>
      </trkpt>
      <trkpt lat="47.585147" lon="11.175205">
        <ele>639.165053</ele>
        <time>2026-04-21T13:25:07.980Z</time>
      </trkpt>
      <trkpt lat="47.585038" lon="11.174838">
        <ele>639.129499</ele>
        <time>2026-04-21T13:25:35.467Z</time>
      </trkpt>
      <trkpt lat="47.585002" lon="11.174615">
        <ele>639.109168</ele>
        <time>2026-04-21T13:25:51.249Z</time>
      </trkpt>
      <trkpt lat="47.584935" lon="11.173989">
        <ele>639.093306</ele>
        <time>2026-04-21T13:26:34.703Z</time>
      </trkpt>
      <trkpt lat="47.584867" lon="11.172912">
        <ele>639.346342</ele>
        <time>2026-04-21T13:27:47.849Z</time>
      </trkpt>
      <trkpt lat="47.584812" lon="11.172664">
        <ele>639.407410</ele>
        <time>2026-04-21T13:28:05.797Z</time>
      </trkpt>
      <trkpt lat="47.584530" lon="11.171945">
        <ele>639.601969</ele>
        <time>2026-04-21T13:29:03.795Z</time>
      </trkpt>
      <trkpt lat="47.584248" lon="11.171618">
        <ele>639.773197</ele>
        <time>2026-04-21T13:29:40.947Z</time>
      </trkpt>
      <trkpt lat="47.584091" lon="11.171501">
        <ele>639.909052</ele>
        <time>2026-04-21T13:29:59.250Z</time>
      </trkpt>
      <trkpt lat="47.583686" lon="11.171330">
        <ele>640.234625</ele>
        <time>2026-04-21T13:30:42.789Z</time>
      </trkpt>
      <trkpt lat="47.583473" lon="11.171304">
        <ele>640.399862</ele>
        <time>2026-04-21T13:31:04.717Z</time>
      </trkpt>
      <trkpt lat="47.583207" lon="11.171318">
        <ele>640.605647</ele>
        <time>2026-04-21T13:31:32.032Z</time>
      </trkpt>
      <trkpt lat="47.583026" lon="11.171362">
        <ele>640.747455</ele>
        <time>2026-04-21T13:31:50.834Z</time>
      </trkpt>
      <trkpt lat="47.582235" lon="11.171579">
        <ele>641.135120</ele>
        <time>2026-04-21T13:33:12.965Z</time>
      </trkpt>
      <trkpt lat="47.581904" lon="11.171713">
        <ele>641.186791</ele>
        <time>2026-04-21T13:33:47.686Z</time>
      </trkpt>
      <trkpt lat="47.581698" lon="11.171826">
        <ele>641.219868</ele>
        <time>2026-04-21T13:34:09.743Z</time>
      </trkpt>
      <trkpt lat="47.581530" lon="11.171876">
        <ele>641.245672</ele>
        <time>2026-04-21T13:34:26.922Z</time>
      </trkpt>
      <trkpt lat="47.581246" lon="11.171903">
        <ele>641.288527</ele>
        <time>2026-04-21T13:34:55.483Z</time>
      </trkpt>
      <trkpt lat="47.580709" lon="11.171824">
        <ele>641.337748</ele>
        <time>2026-04-21T13:35:49.666Z</time>
      </trkpt>
      <trkpt lat="47.580477" lon="11.171717">
        <ele>641.317093</ele>
        <time>2026-04-21T13:36:14.055Z</time>
      </trkpt>
      <trkpt lat="47.580220" lon="11.171427">
        <ele>641.289636</ele>
        <time>2026-04-21T13:36:46.437Z</time>
      </trkpt>
      <trkpt lat="47.579513" lon="11.170177">
        <ele>641.194171</ele>
        <time>2026-04-21T13:38:36.593Z</time>
      </trkpt>
      <trkpt lat="47.579270" lon="11.169724">
        <ele>640.958023</ele>
        <time>2026-04-21T13:39:15.998Z</time>
      </trkpt>
      <trkpt lat="47.578851" lon="11.168769">
        <ele>640.493197</ele>
        <time>2026-04-21T13:40:34.227Z</time>
      </trkpt>
      <trkpt lat="47.578044" lon="11.167420">
        <ele>640.101911</ele>
        <time>2026-04-21T13:42:37.662Z</time>
      </trkpt>
      <trkpt lat="47.577393" lon="11.166630">
        <ele>640.092379</ele>
        <time>2026-04-21T13:44:02.156Z</time>
      </trkpt>
      <trkpt lat="47.576655" lon="11.165973">
        <ele>640.834557</ele>
        <time>2026-04-21T13:45:30.299Z</time>
      </trkpt>
      <trkpt lat="47.576494" lon="11.165716">
        <ele>641.199616</ele>
        <time>2026-04-21T13:45:54.825Z</time>
      </trkpt>
      <trkpt lat="47.576344" lon="11.165353">
        <ele>641.642703</ele>
        <time>2026-04-21T13:46:25.137Z</time>
      </trkpt>
      <trkpt lat="47.576270" lon="11.164982">
        <ele>642.045395</ele>
        <time>2026-04-21T13:46:53.108Z</time>
      </trkpt>
      <trkpt lat="47.576222" lon="11.164247">
        <ele>642.814018</ele>
        <time>2026-04-21T13:47:47.249Z</time>
      </trkpt>
      <trkpt lat="47.576225" lon="11.163524">
        <ele>643.514487</ele>
        <time>2026-04-21T13:48:40.416Z</time>
      </trkpt>
      <trkpt lat="47.576196" lon="11.163196">
        <ele>643.833307</ele>
        <time>2026-04-21T13:49:04.549Z</time>
      </trkpt>
      <trkpt lat="47.576150" lon="11.163023">
        <ele>644.012522</ele>
        <time>2026-04-21T13:49:18.012Z</time>
      </trkpt>
      <trkpt lat="47.575969" lon="11.162637">
        <ele>644.465579</ele>
        <time>2026-04-21T13:49:51.567Z</time>
      </trkpt>
      <trkpt lat="47.575519" lon="11.161933">
        <ele>645.400278</ele>
        <time>2026-04-21T13:50:58.299Z</time>
      </trkpt>
      <trkpt lat="47.575381" lon="11.161799">
        <ele>645.477809</ele>
        <time>2026-04-21T13:51:14.848Z</time>
      </trkpt>
      <trkpt lat="47.575216" lon="11.161696">
        <ele>645.534371</ele>
        <time>2026-04-21T13:51:32.890Z</time>
      </trkpt>
      <trkpt lat="47.574680" lon="11.161475">
        <ele>645.710136</ele>
        <time>2026-04-21T13:52:28.923Z</time>
      </trkpt>
      <trkpt lat="47.574420" lon="11.161262">
        <ele>645.803987</ele>
        <time>2026-04-21T13:52:58.754Z</time>
      </trkpt>
      <trkpt lat="47.574252" lon="11.160977">
        <ele>645.884652</ele>
        <time>2026-04-21T13:53:24.791Z</time>
      </trkpt>
      <trkpt lat="47.574185" lon="11.160801">
        <ele>645.927724</ele>
        <time>2026-04-21T13:53:38.744Z</time>
      </trkpt>
      <trkpt lat="47.574071" lon="11.160297">
        <ele>646.260590</ele>
        <time>2026-04-21T13:54:15.766Z</time>
      </trkpt>
      <trkpt lat="47.574033" lon="11.159834">
        <ele>646.907365</ele>
        <time>2026-04-21T13:54:48.789Z</time>
      </trkpt>
      <trkpt lat="47.573969" lon="11.159430">
        <ele>647.482829</ele>
        <time>2026-04-21T13:55:18.482Z</time>
      </trkpt>
      <trkpt lat="47.573935" lon="11.158829">
        <ele>648.319160</ele>
        <time>2026-04-21T13:56:02.589Z</time>
      </trkpt>
      <trkpt lat="47.573766" lon="11.158126">
        <ele>649.354054</ele>
        <time>2026-04-21T13:56:58.266Z</time>
      </trkpt>
      <trkpt lat="47.573436" lon="11.156446">
        <ele>651.084292</ele>
        <time>2026-04-21T13:59:07.364Z</time>
      </trkpt>
      <trkpt lat="47.573234" lon="11.155650">
        <ele>651.869333</ele>
        <time>2026-04-21T14:00:06.232Z</time>
      </trkpt>
      <trkpt lat="47.572736" lon="11.154337">
        <ele>650.715415</ele>
        <time>2026-04-21T14:01:51.345Z</time>
      </trkpt>
      <trkpt lat="47.572529" lon="11.153845">
        <ele>650.013240</ele>
        <time>2026-04-21T14:02:32.220Z</time>
      </trkpt>
      <trkpt lat="47.571912" lon="11.152905">
        <ele>648.390515</ele>
        <time>2026-04-21T14:04:05.097Z</time>
      </trkpt>
      <trkpt lat="47.571376" lon="11.152374">
        <ele>647.154286</ele>
        <time>2026-04-21T14:05:12.596Z</time>
      </trkpt>
      <trkpt lat="47.571041" lon="11.152002">
        <ele>646.351635</ele>
        <time>2026-04-21T14:05:56.260Z</time>
      </trkpt>
      <trkpt lat="47.570725" lon="11.151600">
        <ele>645.553114</ele>
        <time>2026-04-21T14:06:39.330Z</time>
      </trkpt>
      <trkpt lat="47.570269" lon="11.150856">
        <ele>645.523521</ele>
        <time>2026-04-21T14:07:48.123Z</time>
      </trkpt>
      <trkpt lat="47.569672" lon="11.149639">
        <ele>645.589725</ele>
        <time>2026-04-21T14:09:32.000Z</time>
      </trkpt>
      <trkpt lat="47.569606" lon="11.149527">
        <ele>645.596268</ele>
        <time>2026-04-21T14:09:42.329Z</time>
      </trkpt>
      <trkpt lat="47.569217" lon="11.149100">
        <ele>646.087799</ele>
        <time>2026-04-21T14:10:32.306Z</time>
      </trkpt>
      <trkpt lat="47.569148" lon="11.148935">
        <ele>646.232677</ele>
        <time>2026-04-21T14:10:45.828Z</time>
      </trkpt>
      <trkpt lat="47.569004" lon="11.149018">
        <ele>646.403584</ele>
        <time>2026-04-21T14:11:01.895Z</time>
      </trkpt>
      <trkpt lat="47.568897" lon="11.149059">
        <ele>646.525834</ele>
        <time>2026-04-21T14:11:13.285Z</time>
      </trkpt>
      <trkpt lat="47.568382" lon="11.149034">
        <ele>647.095807</ele>
        <time>2026-04-21T14:12:07.168Z</time>
      </trkpt>
      <trkpt lat="47.568270" lon="11.149067">
        <ele>647.222121</ele>
        <time>2026-04-21T14:12:19.110Z</time>
      </trkpt>
      <trkpt lat="47.568074" lon="11.149200">
        <ele>647.460569</ele>
        <time>2026-04-21T14:12:41.750Z</time>
      </trkpt>
      <trkpt lat="47.567678" lon="11.149555">
        <ele>647.907585</ele>
        <time>2026-04-21T14:13:30.557Z</time>
      </trkpt>
      <trkpt lat="47.566993" lon="11.149986">
        <ele>648.591561</ele>
        <time>2026-04-21T14:14:48.063Z</time>
      </trkpt>
      <trkpt lat="47.566780" lon="11.149990">
        <ele>648.787348</ele>
        <time>2026-04-21T14:15:09.929Z</time>
      </trkpt>
      <trkpt lat="47.566290" lon="11.149803">
        <ele>649.242397</ele>
        <time>2026-04-21T14:16:01.275Z</time>
      </trkpt>
      <trkpt lat="47.566118" lon="11.149663">
        <ele>649.253461</ele>
        <time>2026-04-21T14:16:21.100Z</time>
      </trkpt>
      <trkpt lat="47.566062" lon="11.149570">
        <ele>649.258204</ele>
        <time>2026-04-21T14:16:29.529Z</time>
      </trkpt>
      <trkpt lat="47.565980" lon="11.149277">
        <ele>649.270272</ele>
        <time>2026-04-21T14:16:50.945Z</time>
      </trkpt>
      <trkpt lat="47.565926" lon="11.148954">
        <ele>649.282932</ele>
        <time>2026-04-21T14:17:13.453Z</time>
      </trkpt>
      <trkpt lat="47.565861" lon="11.148887">
        <ele>649.287397</ele>
        <time>2026-04-21T14:17:21.402Z</time>
      </trkpt>
      <trkpt lat="47.565727" lon="11.148855">
        <ele>649.295050</ele>
        <time>2026-04-21T14:17:34.977Z</time>
      </trkpt>
      <trkpt lat="47.565671" lon="11.148803">
        <ele>649.298776</ele>
        <time>2026-04-21T14:17:41.610Z</time>
      </trkpt>
      <trkpt lat="47.565503" lon="11.148462">
        <ele>649.314840</ele>
        <time>2026-04-21T14:18:10.196Z</time>
      </trkpt>
      <trkpt lat="47.565206" lon="11.148099">
        <ele>649.336547</ele>
        <time>2026-04-21T14:18:48.741Z</time>
      </trkpt>
      <trkpt lat="47.564716" lon="11.147741">
        <ele>649.387778</ele>
        <time>2026-04-21T14:19:43.601Z</time>
      </trkpt>
      <trkpt lat="47.564618" lon="11.147705">
        <ele>649.398278</ele>
        <time>2026-04-21T14:19:53.702Z</time>
      </trkpt>
      <trkpt lat="47.564428" lon="11.147711">
        <ele>649.418043</ele>
        <time>2026-04-21T14:20:12.889Z</time>
      </trkpt>
      <trkpt lat="47.564291" lon="11.147713">
        <ele>649.432291</ele>
        <time>2026-04-21T14:20:26.696Z</time>
      </trkpt>
      <trkpt lat="47.564077" lon="11.147660">
        <ele>649.454856</ele>
        <time>2026-04-21T14:20:48.449Z</time>
      </trkpt>
      <trkpt lat="47.563833" lon="11.147404">
        <ele>649.485947</ele>
        <time>2026-04-21T14:21:18.480Z</time>
      </trkpt>
      <trkpt lat="47.563597" lon="11.147289">
        <ele>649.511784</ele>
        <time>2026-04-21T14:21:43.675Z</time>
      </trkpt>
      <trkpt lat="47.563363" lon="11.147236">
        <ele>649.582001</ele>
        <time>2026-04-21T14:22:07.983Z</time>
      </trkpt>
      <trkpt lat="47.563238" lon="11.147116">
        <ele>649.711710</ele>
        <time>2026-04-21T14:22:23.402Z</time>
      </trkpt>
      <trkpt lat="47.562940" lon="11.146566">
        <ele>650.126229</ele>
        <time>2026-04-21T14:23:13.105Z</time>
      </trkpt>
      <trkpt lat="47.562753" lon="11.145603">
        <ele>650.715124</ele>
        <time>2026-04-21T14:24:23.308Z</time>
      </trkpt>
      <trkpt lat="47.562694" lon="11.145423">
        <ele>650.832725</ele>
        <time>2026-04-21T14:24:37.154Z</time>
      </trkpt>
      <trkpt lat="47.562470" lon="11.144922">
        <ele>651.168168</ele>
        <time>2026-04-21T14:25:18.817Z</time>
      </trkpt>
      <trkpt lat="47.562291" lon="11.144612">
        <ele>651.360262</ele>
        <time>2026-04-21T14:25:46.973Z</time>
      </trkpt>
      <trkpt lat="47.562065" lon="11.144300">
        <ele>651.575767</ele>
        <time>2026-04-21T14:26:18.559Z</time>
      </trkpt>
      <trkpt lat="47.561598" lon="11.143781">
        <ele>651.983048</ele>
        <time>2026-04-21T14:27:18.245Z</time>
      </trkpt>
      <trkpt lat="47.561439" lon="11.143577">
        <ele>652.129787</ele>
        <time>2026-04-21T14:27:39.862Z</time>
      </trkpt>
      <trkpt lat="47.561117" lon="11.143056">
        <ele>652.424221</ele>
        <time>2026-04-21T14:28:28.940Z</time>
      </trkpt>
      <trkpt lat="47.560836" lon="11.142686">
        <ele>652.596069</ele>
        <time>2026-04-21T14:29:07.514Z</time>
      </trkpt>
      <trkpt lat="47.560625" lon="11.142460">
        <ele>652.715090</ele>
        <time>2026-04-21T14:29:34.207Z</time>
      </trkpt>
      <trkpt lat="47.560058" lon="11.141964">
        <ele>653.016097</ele>
        <time>2026-04-21T14:30:40.880Z</time>
      </trkpt>
      <trkpt lat="47.559636" lon="11.141495">
        <ele>653.179357</ele>
        <time>2026-04-21T14:31:33.964Z</time>
      </trkpt>
      <trkpt lat="47.558786" lon="11.140426">
        <ele>653.212729</ele>
        <time>2026-04-21T14:33:25.647Z</time>
      </trkpt>
      <trkpt lat="47.558493" lon="11.140156">
        <ele>653.223057</ele>
        <time>2026-04-21T14:34:00.233Z</time>
      </trkpt>
      <trkpt lat="47.557963" lon="11.139879">
        <ele>653.335219</ele>
        <time>2026-04-21T14:34:56.593Z</time>
      </trkpt>
      <trkpt lat="47.557843" lon="11.139741">
        <ele>653.375474</ele>
        <time>2026-04-21T14:35:11.728Z</time>
      </trkpt>
      <trkpt lat="47.557820" lon="11.139670">
        <ele>653.389558</ele>
        <time>2026-04-21T14:35:17.083Z</time>
      </trkpt>
      <trkpt lat="47.557754" lon="11.139625">
        <ele>653.408812</ele>
        <time>2026-04-21T14:35:24.329Z</time>
      </trkpt>
      <trkpt lat="47.557491" lon="11.139670">
        <ele>653.478973</ele>
        <time>2026-04-21T14:35:50.973Z</time>
      </trkpt>
      <trkpt lat="47.557167" lon="11.139630">
        <ele>653.565134</ele>
        <time>2026-04-21T14:36:23.860Z</time>
      </trkpt>
      <trkpt lat="47.556449" lon="11.139427">
        <ele>653.726076</ele>
        <time>2026-04-21T14:37:38.875Z</time>
      </trkpt>
      <trkpt lat="47.556286" lon="11.139332">
        <ele>653.744557</ele>
        <time>2026-04-21T14:37:56.835Z</time>
      </trkpt>
      <trkpt lat="47.556052" lon="11.139081">
        <ele>653.775037</ele>
        <time>2026-04-21T14:38:26.315Z</time>
      </trkpt>
      <trkpt lat="47.555891" lon="11.139050">
        <ele>653.792168</ele>
        <time>2026-04-21T14:38:42.685Z</time>
      </trkpt>
      <trkpt lat="47.555801" lon="11.139088">
        <ele>653.802042</ele>
        <time>2026-04-21T14:38:52.170Z</time>
      </trkpt>
      <trkpt lat="47.555720" lon="11.139165">
        <ele>653.812196</ele>
        <time>2026-04-21T14:39:01.865Z</time>
      </trkpt>
      <trkpt lat="47.555684" lon="11.139220">
        <ele>653.817652</ele>
        <time>2026-04-21T14:39:07.019Z</time>
      </trkpt>
      <trkpt lat="47.555658" lon="11.139265">
        <ele>653.821870</ele>
        <time>2026-04-21T14:39:11.075Z</time>
      </trkpt>
      <trkpt lat="47.555441" lon="11.139682">
        <ele>653.859366</ele>
        <time>2026-04-21T14:39:46.643Z</time>
      </trkpt>
      <trkpt lat="47.555386" lon="11.139800">
        <ele>653.869578</ele>
        <time>2026-04-21T14:39:56.352Z</time>
      </trkpt>
      <trkpt lat="47.554851" lon="11.139898">
        <ele>653.592805</ele>
        <time>2026-04-21T14:40:51.132Z</time>
      </trkpt>
      <trkpt lat="47.553781" lon="11.140375">
        <ele>652.492013</ele>
        <time>2026-04-21T14:42:45.752Z</time>
      </trkpt>
      <trkpt lat="47.553511" lon="11.140468">
        <ele>652.218928</ele>
        <time>2026-04-21T14:43:14.214Z</time>
      </trkpt>
      <trkpt lat="47.553271" lon="11.140456">
        <ele>652.111248</ele>
        <time>2026-04-21T14:43:38.691Z</time>
      </trkpt>
      <trkpt lat="47.553185" lon="11.140422">
        <ele>652.104361</ele>
        <time>2026-04-21T14:43:47.816Z</time>
      </trkpt>
      <trkpt lat="47.552820" lon="11.140123">
        <ele>652.072089</ele>
        <time>2026-04-21T14:44:30.161Z</time>
      </trkpt>
      <trkpt lat="47.552687" lon="11.140133">
        <ele>652.061785</ele>
        <time>2026-04-21T14:44:43.556Z</time>
      </trkpt>
      <trkpt lat="47.552560" lon="11.140291">
        <ele>652.048953</ele>
        <time>2026-04-21T14:45:00.186Z</time>
      </trkpt>
      <trkpt lat="47.552277" lon="11.140807">
        <ele>652.014231</ele>
        <time>2026-04-21T14:45:45.187Z</time>
      </trkpt>
      <trkpt lat="47.551946" lon="11.141553">
        <ele>652.178137</ele>
        <time>2026-04-21T14:46:47.500Z</time>
      </trkpt>
      <trkpt lat="47.551809" lon="11.142220">
        <ele>652.637763</ele>
        <time>2026-04-21T14:47:37.048Z</time>
      </trkpt>
      <trkpt lat="47.551726" lon="11.142276">
        <ele>652.726844</ele>
        <time>2026-04-21T14:47:46.668Z</time>
      </trkpt>
      <trkpt lat="47.551586" lon="11.142252">
        <ele>652.864504</ele>
        <time>2026-04-21T14:48:01.456Z</time>
      </trkpt>
      <trkpt lat="47.551257" lon="11.142068">
        <ele>653.207991</ele>
        <time>2026-04-21T14:48:38.120Z</time>
      </trkpt>
      <trkpt lat="47.551064" lon="11.141888">
        <ele>653.430746</ele>
        <time>2026-04-21T14:49:01.711Z</time>
      </trkpt>
      <trkpt lat="47.550962" lon="11.141738">
        <ele>653.571120</ele>
        <time>2026-04-21T14:49:16.546Z</time>
      </trkpt>
      <trkpt lat="47.550762" lon="11.141519">
        <ele>653.714611</ele>
        <time>2026-04-21T14:49:42.165Z</time>
      </trkpt>
      <trkpt lat="47.550659" lon="11.141473">
        <ele>653.678738</ele>
        <time>2026-04-21T14:49:53.165Z</time>
      </trkpt>
      <trkpt lat="47.550552" lon="11.141480">
        <ele>653.643023</ele>
        <time>2026-04-21T14:50:04.015Z</time>
      </trkpt>
      <trkpt lat="47.549249" lon="11.142495">
        <ele>653.152130</ele>
        <time>2026-04-21T14:52:33.416Z</time>
      </trkpt>
      <trkpt lat="47.549191" lon="11.142527">
        <ele>653.149273</ele>
        <time>2026-04-21T14:52:39.733Z</time>
      </trkpt>
      <trkpt lat="47.549134" lon="11.142558">
        <ele>653.170663</ele>
        <time>2026-04-21T14:52:45.934Z</time>
      </trkpt>
      <trkpt lat="47.548983" lon="11.142575">
        <ele>653.224009</ele>
        <time>2026-04-21T14:53:01.284Z</time>
      </trkpt>
      <trkpt lat="47.548872" lon="11.142536">
        <ele>653.264195</ele>
        <time>2026-04-21T14:53:12.869Z</time>
      </trkpt>
      <trkpt lat="47.548286" lon="11.142110">
        <ele>653.494136</ele>
        <time>2026-04-21T14:54:18.364Z</time>
      </trkpt>
      <trkpt lat="47.547854" lon="11.141606">
        <ele>653.687837</ele>
        <time>2026-04-21T14:55:14.926Z</time>
      </trkpt>
      <trkpt lat="47.547246" lon="11.140791">
        <ele>654.542741</ele>
        <time>2026-04-21T14:56:42.290Z</time>
      </trkpt>
      <trkpt lat="47.547075" lon="11.140525">
        <ele>654.873734</ele>
        <time>2026-04-21T14:57:08.495Z</time>
      </trkpt>
      <trkpt lat="47.546995" lon="11.140338">
        <ele>655.073226</ele>
        <time>2026-04-21T14:57:24.137Z</time>
      </trkpt>
      <trkpt lat="47.546900" lon="11.140200">
        <ele>655.250835</ele>
        <time>2026-04-21T14:57:38.048Z</time>
      </trkpt>
      <trkpt lat="47.546794" lon="11.140102">
        <ele>655.417631</ele>
        <time>2026-04-21T14:57:51.092Z</time>
      </trkpt>
      <trkpt lat="47.546630" lon="11.140020">
        <ele>655.648692</ele>
        <time>2026-04-21T14:58:09.111Z</time>
      </trkpt>
      <trkpt lat="47.546491" lon="11.140026">
        <ele>655.834327</ele>
        <time>2026-04-21T14:58:23.625Z</time>
      </trkpt>
      <trkpt lat="47.546436" lon="11.140005">
        <ele>655.910148</ele>
        <time>2026-04-21T14:58:29.507Z</time>
      </trkpt>
      <trkpt lat="47.546410" lon="11.139959">
        <ele>655.964210</ele>
        <time>2026-04-21T14:58:33.713Z</time>
      </trkpt>
      <trkpt lat="47.546350" lon="11.139844">
        <ele>656.095180</ele>
        <time>2026-04-21T14:58:43.940Z</time>
      </trkpt>
      <trkpt lat="47.546272" lon="11.139753">
        <ele>656.192187</ele>
        <time>2026-04-21T14:58:54.195Z</time>
      </trkpt>
      <trkpt lat="47.546126" lon="11.139679">
        <ele>656.259824</ele>
        <time>2026-04-21T14:59:10.032Z</time>
      </trkpt>
      <trkpt lat="47.546088" lon="11.139650">
        <ele>656.278561</ele>
        <time>2026-04-21T14:59:14.525Z</time>
      </trkpt>
      <trkpt lat="47.545951" lon="11.139546">
        <ele>656.346036</ele>
        <time>2026-04-21T14:59:30.258Z</time>
      </trkpt>
      <trkpt lat="47.545614" lon="11.139423">
        <ele>656.498169</ele>
        <time>2026-04-21T15:00:05.754Z</time>
      </trkpt>
      <trkpt lat="47.545514" lon="11.139306">
        <ele>656.554023</ele>
        <time>2026-04-21T15:00:18.757Z</time>
      </trkpt>
      <trkpt lat="47.545327" lon="11.138967">
        <ele>656.683556</ele>
        <time>2026-04-21T15:00:48.710Z</time>
      </trkpt>
      <trkpt lat="47.544915" lon="11.138616">
        <ele>656.891879</ele>
        <time>2026-04-21T15:01:36.736Z</time>
      </trkpt>
      <trkpt lat="47.544773" lon="11.138385">
        <ele>656.959528</ele>
        <time>2026-04-21T15:01:57.900Z</time>
      </trkpt>
      <trkpt lat="47.544413" lon="11.137774">
        <ele>656.917653</ele>
        <time>2026-04-21T15:02:52.913Z</time>
      </trkpt>
      <trkpt lat="47.544120" lon="11.137208">
        <ele>656.880823</ele>
        <time>2026-04-21T15:03:41.517Z</time>
      </trkpt>
      <trkpt lat="47.543916" lon="11.136667">
        <ele>656.848826</ele>
        <time>2026-04-21T15:04:23.742Z</time>
      </trkpt>
      <trkpt lat="47.543864" lon="11.136237">
        <ele>656.826270</ele>
        <time>2026-04-21T15:04:53.446Z</time>
      </trkpt>
      <trkpt lat="47.543831" lon="11.135795">
        <ele>657.054904</ele>
        <time>2026-04-21T15:05:24.133Z</time>
      </trkpt>
      <trkpt lat="47.543852" lon="11.135416">
        <ele>657.256590</ele>
        <time>2026-04-21T15:05:50.740Z</time>
      </trkpt>
      <trkpt lat="47.543822" lon="11.135000">
        <ele>657.478479</ele>
        <time>2026-04-21T15:06:20.047Z</time>
      </trkpt>
      <trkpt lat="47.543711" lon="11.134611">
        <ele>657.702469</ele>
        <time>2026-04-21T15:06:49.686Z</time>
      </trkpt>
      <trkpt lat="47.543584" lon="11.134377">
        <ele>657.861715</ele>
        <time>2026-04-21T15:07:10.761Z</time>
      </trkpt>
      <trkpt lat="47.543289" lon="11.133934">
        <ele>658.191755</ele>
        <time>2026-04-21T15:07:54.429Z</time>
      </trkpt>
      <trkpt lat="47.542760" lon="11.133304">
        <ele>658.327188</ele>
        <time>2026-04-21T15:09:03.440Z</time>
      </trkpt>
      <trkpt lat="47.542586" lon="11.133121">
        <ele>658.357658</ele>
        <time>2026-04-21T15:09:24.817Z</time>
      </trkpt>
      <trkpt lat="47.542251" lon="11.132661">
        <ele>658.422880</ele>
        <time>2026-04-21T15:10:10.925Z</time>
      </trkpt>
      <trkpt lat="47.541497" lon="11.131728">
        <ele>658.841891</ele>
        <time>2026-04-21T15:11:49.414Z</time>
      </trkpt>
      <trkpt lat="47.541114" lon="11.131164">
        <ele>659.237367</ele>
        <time>2026-04-21T15:12:45.124Z</time>
      </trkpt>
      <trkpt lat="47.540294" lon="11.130298">
        <ele>660.103890</ele>
        <time>2026-04-21T15:14:30.519Z</time>
      </trkpt>
      <trkpt lat="47.539791" lon="11.129953">
        <ele>660.833090</ele>
        <time>2026-04-21T15:15:28.481Z</time>
      </trkpt>
      <trkpt lat="47.539600" lon="11.129752">
        <ele>661.141308</ele>
        <time>2026-04-21T15:15:52.645Z</time>
      </trkpt>
      <trkpt lat="47.539158" lon="11.129148">
        <ele>661.932403</ele>
        <time>2026-04-21T15:16:55.139Z</time>
      </trkpt>
      <trkpt lat="47.539022" lon="11.128879">
        <ele>662.270099</ele>
        <time>2026-04-21T15:17:19.111Z</time>
      </trkpt>
      <trkpt lat="47.538926" lon="11.128695">
        <ele>662.632736</ele>
        <time>2026-04-21T15:17:35.830Z</time>
      </trkpt>
      <trkpt lat="47.538756" lon="11.128496">
        <ele>663.133244</ele>
        <time>2026-04-21T15:17:59.111Z</time>
      </trkpt>
      <trkpt lat="47.537777" lon="11.127541">
        <ele>665.841012</ele>
        <time>2026-04-21T15:20:06.841Z</time>
      </trkpt>
      <trkpt lat="47.537616" lon="11.127419">
        <ele>666.258752</ele>
        <time>2026-04-21T15:20:26.733Z</time>
      </trkpt>
      <trkpt lat="47.537309" lon="11.127328">
        <ele>667.198992</ele>
        <time>2026-04-21T15:21:01.060Z</time>
      </trkpt>
      <trkpt lat="47.537164" lon="11.127250">
        <ele>667.674643</ele>
        <time>2026-04-21T15:21:17.977Z</time>
      </trkpt>
      <trkpt lat="47.536971" lon="11.126982">
        <ele>668.490324</ele>
        <time>2026-04-21T15:21:47.029Z</time>
      </trkpt>
      <trkpt lat="47.536840" lon="11.126858">
        <ele>668.969669</ele>
        <time>2026-04-21T15:22:04.116Z</time>
      </trkpt>
      <trkpt lat="47.536688" lon="11.126769">
        <ele>669.473622</ele>
        <time>2026-04-21T15:22:22.178Z</time>
      </trkpt>
      <trkpt lat="47.536500" lon="11.126621">
        <ele>670.130069</ele>
        <time>2026-04-21T15:22:45.733Z</time>
      </trkpt>
      <trkpt lat="47.536329" lon="11.126387">
        <ele>670.847881</ele>
        <time>2026-04-21T15:23:11.759Z</time>
      </trkpt>
      <trkpt lat="47.535961" lon="11.126102">
        <ele>672.120754</ele>
        <time>2026-04-21T15:23:58.390Z</time>
      </trkpt>
      <trkpt lat="47.535755" lon="11.126000">
        <ele>672.770211</ele>
        <time>2026-04-21T15:24:23.125Z</time>
      </trkpt>
      <trkpt lat="47.535513" lon="11.126064">
        <ele>673.505249</ele>
        <time>2026-04-21T15:24:51.353Z</time>
      </trkpt>
      <trkpt lat="47.535330" lon="11.126029">
        <ele>674.056973</ele>
        <time>2026-04-21T15:25:12.469Z</time>
      </trkpt>
      <trkpt lat="47.535105" lon="11.126033">
        <ele>674.729785</ele>
        <time>2026-04-21T15:25:37.937Z</time>
      </trkpt>
      <trkpt lat="47.534826" lon="11.126206">
        <ele>675.634164</ele>
        <time>2026-04-21T15:26:11.424Z</time>
      </trkpt>
      <trkpt lat="47.534674" lon="11.126230">
        <ele>676.091228</ele>
        <time>2026-04-21T15:26:28.045Z</time>
      </trkpt>
      <trkpt lat="47.534444" lon="11.126178">
        <ele>676.786908</ele>
        <time>2026-04-21T15:26:53.329Z</time>
      </trkpt>
      <trkpt lat="47.534349" lon="11.126086">
        <ele>677.126291</ele>
        <time>2026-04-21T15:27:05.392Z</time>
      </trkpt>
      <trkpt lat="47.534112" lon="11.125622">
        <ele>677.064391</ele>
        <time>2026-04-21T15:27:46.192Z</time>
      </trkpt>
      <trkpt lat="47.534011" lon="11.125136">
        <ele>676.874298</ele>
        <time>2026-04-21T15:28:20.673Z</time>
      </trkpt>
      <trkpt lat="47.533981" lon="11.124940">
        <ele>676.799168</ele>
        <time>2026-04-21T15:28:34.499Z</time>
      </trkpt>
      <trkpt lat="47.533977" lon="11.124797">
        <ele>676.745665</ele>
        <time>2026-04-21T15:28:44.413Z</time>
      </trkpt>
      <trkpt lat="47.533998" lon="11.124670">
        <ele>676.696785</ele>
        <time>2026-04-21T15:28:53.547Z</time>
      </trkpt>
      <trkpt lat="47.534114" lon="11.124381">
        <ele>676.571098</ele>
        <time>2026-04-21T15:29:17.110Z</time>
      </trkpt>
      <trkpt lat="47.534270" lon="11.124171">
        <ele>676.454377</ele>
        <time>2026-04-21T15:29:39.032Z</time>
      </trkpt>
      <trkpt lat="47.534336" lon="11.124022">
        <ele>676.387759</ele>
        <time>2026-04-21T15:29:51.502Z</time>
      </trkpt>
      <trkpt lat="47.534350" lon="11.123326">
        <ele>676.071997</ele>
        <time>2026-04-21T15:30:40.117Z</time>
      </trkpt>
      <trkpt lat="47.534410" lon="11.122851">
        <ele>675.816701</ele>
        <time>2026-04-21T15:31:13.831Z</time>
      </trkpt>
      <trkpt lat="47.534310" lon="11.122669">
        <ele>675.692733</ele>
        <time>2026-04-21T15:31:30.074Z</time>
      </trkpt>
      <trkpt lat="47.533110" lon="11.120760">
        <ele>674.372578</ele>
        <time>2026-04-21T15:34:27.173Z</time>
      </trkpt>
      <trkpt lat="47.532935" lon="11.120518">
        <ele>674.205317</ele>
        <time>2026-04-21T15:34:51.427Z</time>
      </trkpt>
      <trkpt lat="47.532490" lon="11.119882">
        <ele>673.773296</ele>
        <time>2026-04-21T15:35:54.630Z</time>
      </trkpt>
      <trkpt lat="47.532471" lon="11.119854">
        <ele>673.754572</ele>
        <time>2026-04-21T15:35:57.397Z</time>
      </trkpt>
      <trkpt lat="47.531910" lon="11.119031">
        <ele>672.797895</ele>
        <time>2026-04-21T15:37:18.525Z</time>
      </trkpt>
      <trkpt lat="47.531797" lon="11.118885">
        <ele>672.585645</ele>
        <time>2026-04-21T15:37:34.026Z</time>
      </trkpt>
      <trkpt lat="47.531663" lon="11.118762">
        <ele>672.362506</ele>
        <time>2026-04-21T15:37:50.385Z</time>
      </trkpt>
      <trkpt lat="47.531616" lon="11.118734">
        <ele>672.290801</ele>
        <time>2026-04-21T15:37:55.647Z</time>
      </trkpt>
      <trkpt lat="47.531502" lon="11.118670">
        <ele>672.118239</ele>
        <time>2026-04-21T15:38:08.290Z</time>
      </trkpt>
      <trkpt lat="47.531262" lon="11.118520">
        <ele>671.749528</ele>
        <time>2026-04-21T15:38:35.220Z</time>
      </trkpt>
      <trkpt lat="47.530731" lon="11.118116">
        <ele>671.040493</ele>
        <time>2026-04-21T15:39:37.010Z</time>
      </trkpt>
      <trkpt lat="47.530241" lon="11.117770">
        <ele>670.981268</ele>
        <time>2026-04-21T15:40:31.948Z</time>
      </trkpt>
      <trkpt lat="47.529839" lon="11.117567">
        <ele>670.934929</ele>
        <time>2026-04-21T15:41:14.581Z</time>
      </trkpt>
      <trkpt lat="47.529691" lon="11.117543">
        <ele>670.918685</ele>
        <time>2026-04-21T15:41:29.620Z</time>
      </trkpt>
      <trkpt lat="47.529637" lon="11.117638">
        <ele>670.909537</ele>
        <time>2026-04-21T15:41:38.017Z</time>
      </trkpt>
      <trkpt lat="47.529603" lon="11.117915">
        <ele>670.888797</ele>
        <time>2026-04-21T15:41:57.154Z</time>
      </trkpt>
      <trkpt lat="47.529524" lon="11.118019">
        <ele>670.877265</ele>
        <time>2026-04-21T15:42:07.912Z</time>
      </trkpt>
      <trkpt lat="47.529351" lon="11.118080">
        <ele>670.857863</ele>
        <time>2026-04-21T15:42:26.100Z</time>
      </trkpt>
      <trkpt lat="47.529242" lon="11.118074">
        <ele>670.944953</ele>
        <time>2026-04-21T15:42:37.296Z</time>
      </trkpt>
      <trkpt lat="47.529024" lon="11.118044">
        <ele>671.166188</ele>
        <time>2026-04-21T15:43:00.217Z</time>
      </trkpt>
      <trkpt lat="47.528911" lon="11.117991">
        <ele>671.285963</ele>
        <time>2026-04-21T15:43:12.629Z</time>
      </trkpt>
      <trkpt lat="47.528736" lon="11.117766">
        <ele>671.520139</ele>
        <time>2026-04-21T15:43:36.963Z</time>
      </trkpt>
      <trkpt lat="47.528594" lon="11.117718">
        <ele>671.667319</ele>
        <time>2026-04-21T15:43:52.133Z</time>
      </trkpt>
      <trkpt lat="47.528493" lon="11.117734">
        <ele>671.769960</ele>
        <time>2026-04-21T15:44:02.617Z</time>
      </trkpt>
      <trkpt lat="47.528393" lon="11.117750">
        <ele>671.871597</ele>
        <time>2026-04-21T15:44:12.922Z</time>
      </trkpt>
      <trkpt lat="47.528253" lon="11.117842">
        <ele>672.026367</ele>
        <time>2026-04-21T15:44:28.822Z</time>
      </trkpt>
      <trkpt lat="47.527824" lon="11.118091">
        <ele>672.491970</ele>
        <time>2026-04-21T15:45:16.499Z</time>
      </trkpt>
      <trkpt lat="47.527403" lon="11.118420">
        <ele>673.107386</ele>
        <time>2026-04-21T15:46:06.164Z</time>
      </trkpt>
      <trkpt lat="47.527332" lon="11.118472">
        <ele>673.223300</ele>
        <time>2026-04-21T15:46:14.458Z</time>
      </trkpt>
      <trkpt lat="47.527181" lon="11.118567">
        <ele>673.463389</ele>
        <time>2026-04-21T15:46:31.682Z</time>
      </trkpt>
      <trkpt lat="47.526923" lon="11.118676">
        <ele>673.856012</ele>
        <time>2026-04-21T15:46:59.666Z</time>
      </trkpt>
      <trkpt lat="47.526641" lon="11.118743">
        <ele>674.273972</ele>
        <time>2026-04-21T15:47:29.764Z</time>
      </trkpt>
      <trkpt lat="47.526405" lon="11.118887">
        <ele>674.647504</ele>
        <time>2026-04-21T15:47:56.606Z</time>
      </trkpt>
      <trkpt lat="47.526349" lon="11.118959">
        <ele>674.756030</ele>
        <time>2026-04-21T15:48:04.495Z</time>
      </trkpt>
      <trkpt lat="47.526314" lon="11.119010">
        <ele>674.827886</ele>
        <time>2026-04-21T15:48:09.734Z</time>
      </trkpt>
      <trkpt lat="47.526099" lon="11.119317">
        <ele>675.264953</ele>
        <time>2026-04-21T15:48:41.039Z</time>
      </trkpt>
      <trkpt lat="47.525892" lon="11.119559">
        <ele>676.194185</ele>
        <time>2026-04-21T15:49:09.211Z</time>
      </trkpt>
      <trkpt lat="47.525771" lon="11.119651">
        <ele>676.706121</ele>
        <time>2026-04-21T15:49:24.026Z</time>
      </trkpt>
      <trkpt lat="47.525626" lon="11.119728">
        <ele>677.285897</ele>
        <time>2026-04-21T15:49:41.011Z</time>
      </trkpt>
      <trkpt lat="47.525488" lon="11.119750">
        <ele>677.808302</ele>
        <time>2026-04-21T15:49:56.400Z</time>
      </trkpt>
      <trkpt lat="47.525319" lon="11.119743">
        <ele>678.444631</ele>
        <time>2026-04-21T15:50:15.459Z</time>
      </trkpt>
      <trkpt lat="47.525111" lon="11.119675">
        <ele>679.246349</ele>
        <time>2026-04-21T15:50:39.714Z</time>
      </trkpt>
      <trkpt lat="47.524904" lon="11.119813">
        <ele>680.100762</ele>
        <time>2026-04-21T15:51:06.004Z</time>
      </trkpt>
      <trkpt lat="47.524738" lon="11.119627">
        <ele>680.884241</ele>
        <time>2026-04-21T15:51:30.254Z</time>
      </trkpt>
      <trkpt lat="47.524479" lon="11.119472">
        <ele>681.935655</ele>
        <time>2026-04-21T15:52:02.979Z</time>
      </trkpt>
      <trkpt lat="47.524037" lon="11.119343">
        <ele>685.299408</ele>
        <time>2026-04-21T15:52:56.471Z</time>
      </trkpt>
      <trkpt lat="47.523371" lon="11.118957">
        <ele>690.876629</ele>
        <time>2026-04-21T15:54:27.263Z</time>
      </trkpt>
      <trkpt lat="47.523168" lon="11.118914">
        <ele>692.475780</ele>
        <time>2026-04-21T15:54:54.361Z</time>
      </trkpt>
      <trkpt lat="47.522606" lon="11.118994">
        <ele>696.947911</ele>
        <time>2026-04-21T15:56:09.060Z</time>
      </trkpt>
      <trkpt lat="47.522372" lon="11.119120">
        <ele>699.062759</ele>
        <time>2026-04-21T15:56:42.075Z</time>
      </trkpt>
      <trkpt lat="47.522269" lon="11.119269">
        <ele>700.285777</ele>
        <time>2026-04-21T15:57:01.119Z</time>
      </trkpt>
      <trkpt lat="47.522052" lon="11.119300">
        <ele>702.137470</ele>
        <time>2026-04-21T15:57:30.010Z</time>
      </trkpt>
      <trkpt lat="47.522014" lon="11.119276">
        <ele>702.488362</ele>
        <time>2026-04-21T15:57:35.607Z</time>
      </trkpt>
      <trkpt lat="47.522003" lon="11.119201">
        <ele>702.928581</ele>
        <time>2026-04-21T15:57:42.330Z</time>
      </trkpt>
      <trkpt lat="47.521989" lon="11.119055">
        <ele>703.774417</ele>
        <time>2026-04-21T15:57:55.707Z</time>
      </trkpt>
      <trkpt lat="47.521732" lon="11.118847">
        <ele>706.262063</ele>
        <time>2026-04-21T15:58:34.056Z</time>
      </trkpt>
      <trkpt lat="47.521305" lon="11.118376">
        <ele>710.784509</ele>
        <time>2026-04-21T15:59:40.746Z</time>
      </trkpt>
      <trkpt lat="47.521051" lon="11.118032">
        <ele>711.953646</ele>
        <time>2026-04-21T16:00:22.170Z</time>
      </trkpt>
      <trkpt lat="47.520839" lon="11.117703">
        <ele>712.597720</ele>
        <time>2026-04-21T16:00:58.325Z</time>
      </trkpt>
      <trkpt lat="47.520708" lon="11.117592">
        <ele>712.914268</ele>
        <time>2026-04-21T16:01:15.746Z</time>
      </trkpt>
      <trkpt lat="47.520348" lon="11.117491">
        <ele>713.682730</ele>
        <time>2026-04-21T16:01:56.738Z</time>
      </trkpt>
      <trkpt lat="47.519707" lon="11.117160">
        <ele>715.106504</ele>
        <time>2026-04-21T16:03:05.582Z</time>
      </trkpt>
      <trkpt lat="47.519466" lon="11.116853">
        <ele>712.741132</ele>
        <time>2026-04-21T16:03:40.629Z</time>
      </trkpt>
      <trkpt lat="47.519280" lon="11.116759">
        <ele>711.145883</ele>
        <time>2026-04-21T16:04:02.961Z</time>
      </trkpt>
      <trkpt lat="47.519140" lon="11.116623">
        <ele>709.786802</ele>
        <time>2026-04-21T16:04:22.424Z</time>
      </trkpt>
      <trkpt lat="47.519034" lon="11.116489">
        <ele>708.655508</ele>
        <time>2026-04-21T16:04:38.819Z</time>
      </trkpt>
      <trkpt lat="47.518831" lon="11.116133">
        <ele>706.101433</ele>
        <time>2026-04-21T16:05:16.555Z</time>
      </trkpt>
      <trkpt lat="47.518681" lon="11.116049">
        <ele>704.799738</ele>
        <time>2026-04-21T16:05:36.011Z</time>
      </trkpt>
      <trkpt lat="47.518611" lon="11.115961">
        <ele>704.054397</ele>
        <time>2026-04-21T16:05:47.164Z</time>
      </trkpt>
      <trkpt lat="47.518365" lon="11.115778">
        <ele>701.819818</ele>
        <time>2026-04-21T16:06:20.693Z</time>
      </trkpt>
      <trkpt lat="47.518231" lon="11.115529">
        <ele>700.132206</ele>
        <time>2026-04-21T16:06:46.870Z</time>
      </trkpt>
      <trkpt lat="47.518045" lon="11.115440">
        <ele>698.737609</ele>
        <time>2026-04-21T16:07:10.345Z</time>
      </trkpt>
      <trkpt lat="47.517570" lon="11.115258">
        <ele>695.237072</ele>
        <time>2026-04-21T16:08:08.732Z</time>
      </trkpt>
      <trkpt lat="47.517516" lon="11.115185">
        <ele>694.715388</ele>
        <time>2026-04-21T16:08:17.273Z</time>
      </trkpt>
      <trkpt lat="47.517455" lon="11.114988">
        <ele>693.671144</ele>
        <time>2026-04-21T16:08:34.337Z</time>
      </trkpt>
      <trkpt lat="47.517352" lon="11.115050">
        <ele>692.877882</ele>
        <time>2026-04-21T16:08:47.149Z</time>
      </trkpt>
      <trkpt lat="47.517179" lon="11.115082">
        <ele>691.634011</ele>
        <time>2026-04-21T16:09:06.727Z</time>
      </trkpt>
      <trkpt lat="47.516815" lon="11.114904">
        <ele>688.899067</ele>
        <time>2026-04-21T16:09:48.204Z</time>
      </trkpt>
      <trkpt lat="47.516639" lon="11.114873">
        <ele>687.703982</ele>
        <time>2026-04-21T16:10:06.910Z</time>
      </trkpt>
      <trkpt lat="47.516405" lon="11.114911">
        <ele>687.408869</ele>
        <time>2026-04-21T16:10:31.660Z</time>
      </trkpt>
      <trkpt lat="47.516174" lon="11.115011">
        <ele>687.107152</ele>
        <time>2026-04-21T16:10:56.712Z</time>
      </trkpt>
      <trkpt lat="47.516117" lon="11.115046">
        <ele>687.029793</ele>
        <time>2026-04-21T16:11:03.112Z</time>
      </trkpt>
      <trkpt lat="47.516032" lon="11.115054">
        <ele>686.923018</ele>
        <time>2026-04-21T16:11:11.990Z</time>
      </trkpt>
      <trkpt lat="47.515822" lon="11.114977">
        <ele>686.651799</ele>
        <time>2026-04-21T16:11:34.370Z</time>
      </trkpt>
      <trkpt lat="47.515663" lon="11.114960">
        <ele>686.451950</ele>
        <time>2026-04-21T16:11:50.656Z</time>
      </trkpt>
      <trkpt lat="47.514967" lon="11.114486">
        <ele>685.491534</ele>
        <time>2026-04-21T16:13:07.500Z</time>
      </trkpt>
      <trkpt lat="47.514833" lon="11.114456">
        <ele>685.825706</ele>
        <time>2026-04-21T16:13:21.152Z</time>
      </trkpt>
      <trkpt lat="47.514604" lon="11.114583">
        <ele>686.605211</ele>
        <time>2026-04-21T16:13:45.871Z</time>
      </trkpt>
      <trkpt lat="47.514368" lon="11.114419">
        <ele>687.436242</ele>
        <time>2026-04-21T16:14:12.324Z</time>
      </trkpt>
      <trkpt lat="47.514262" lon="11.114298">
        <ele>687.862901</ele>
        <time>2026-04-21T16:14:26.334Z</time>
      </trkpt>
      <trkpt lat="47.514151" lon="11.114035">
        <ele>688.530596</ele>
        <time>2026-04-21T16:14:49.173Z</time>
      </trkpt>
      <trkpt lat="47.514008" lon="11.113834">
        <ele>689.159134</ele>
        <time>2026-04-21T16:15:11.510Z</time>
      </trkpt>
      <trkpt lat="47.513952" lon="11.113661">
        <ele>689.572169</ele>
        <time>2026-04-21T16:15:26.595Z</time>
      </trkpt>
      <trkpt lat="47.513897" lon="11.113617">
        <ele>689.771447</ele>
        <time>2026-04-21T16:15:33.923Z</time>
      </trkpt>
      <trkpt lat="47.513604" lon="11.113623">
        <ele>690.705525</ele>
        <time>2026-04-21T16:16:09.564Z</time>
      </trkpt>
      <trkpt lat="47.513417" lon="11.113453">
        <ele>691.712272</ele>
        <time>2026-04-21T16:16:37.172Z</time>
      </trkpt>
      <trkpt lat="47.513204" lon="11.113387">
        <ele>693.432563</ele>
        <time>2026-04-21T16:17:04.740Z</time>
      </trkpt>
      <trkpt lat="47.513055" lon="11.113388">
        <ele>694.610452</ele>
        <time>2026-04-21T16:17:23.817Z</time>
      </trkpt>
      <trkpt lat="47.512742" lon="11.113177">
        <ele>697.329195</ele>
        <time>2026-04-21T16:18:08.253Z</time>
      </trkpt>
      <trkpt lat="47.512415" lon="11.113084">
        <ele>699.961461</ele>
        <time>2026-04-21T16:18:50.335Z</time>
      </trkpt>
      <trkpt lat="47.512355" lon="11.113095">
        <ele>700.439397</ele>
        <time>2026-04-21T16:18:58.052Z</time>
      </trkpt>
      <trkpt lat="47.512202" lon="11.113222">
        <ele>701.826017</ele>
        <time>2026-04-21T16:19:20.389Z</time>
      </trkpt>
      <trkpt lat="47.512113" lon="11.113229">
        <ele>702.530573</ele>
        <time>2026-04-21T16:19:31.789Z</time>
      </trkpt>
      <trkpt lat="47.511972" lon="11.113114">
        <ele>703.803151</ele>
        <time>2026-04-21T16:19:52.383Z</time>
      </trkpt>
      <trkpt lat="47.511925" lon="11.112968">
        <ele>704.666727</ele>
        <time>2026-04-21T16:20:06.406Z</time>
      </trkpt>
      <trkpt lat="47.511970" lon="11.112823">
        <ele>705.533090</ele>
        <time>2026-04-21T16:20:20.222Z</time>
      </trkpt>
      <trkpt lat="47.512093" lon="11.112675">
        <ele>706.960829</ele>
        <time>2026-04-21T16:20:40.726Z</time>
      </trkpt>
      <trkpt lat="47.512157" lon="11.112517">
        <ele>708.081754</ele>
        <time>2026-04-21T16:20:56.680Z</time>
      </trkpt>
      <trkpt lat="47.512219" lon="11.112255">
        <ele>709.770824</ele>
        <time>2026-04-21T16:21:20.646Z</time>
      </trkpt>
      <trkpt lat="47.512211" lon="11.111921">
        <ele>711.804232</ele>
        <time>2026-04-21T16:21:49.735Z</time>
      </trkpt>
      <trkpt lat="47.512105" lon="11.111766">
        <ele>713.146270</ele>
        <time>2026-04-21T16:22:09.235Z</time>
      </trkpt>
      <trkpt lat="47.511818" lon="11.111217">
        <ele>717.370117</ele>
        <time>2026-04-21T16:23:11.192Z</time>
      </trkpt>
      <trkpt lat="47.511504" lon="11.111078">
        <ele>720.322321</ele>
        <time>2026-04-21T16:23:56.131Z</time>
      </trkpt>
      <trkpt lat="47.511389" lon="11.110985">
        <ele>721.502693</ele>
        <time>2026-04-21T16:24:13.683Z</time>
      </trkpt>
      <trkpt lat="47.511154" lon="11.110636">
        <ele>723.074484</ele>
        <time>2026-04-21T16:24:57.071Z</time>
      </trkpt>
      <trkpt lat="47.510763" lon="11.110357">
        <ele>725.049668</ele>
        <time>2026-04-21T16:25:49.708Z</time>
      </trkpt>
      <trkpt lat="47.510362" lon="11.109876">
        <ele>727.398248</ele>
        <time>2026-04-21T16:26:46.950Z</time>
      </trkpt>
      <trkpt lat="47.510272" lon="11.109734">
        <ele>727.996788</ele>
        <time>2026-04-21T16:27:01.282Z</time>
      </trkpt>
      <trkpt lat="47.509793" lon="11.109407">
        <ele>729.683440</ele>
        <time>2026-04-21T16:27:56.568Z</time>
      </trkpt>
      <trkpt lat="47.509695" lon="11.109393">
        <ele>729.593247</ele>
        <time>2026-04-21T16:28:06.480Z</time>
      </trkpt>
      <trkpt lat="47.509470" lon="11.109431">
        <ele>729.385793</ele>
        <time>2026-04-21T16:28:29.478Z</time>
      </trkpt>
      <trkpt lat="47.509135" lon="11.109638">
        <ele>729.053249</ele>
        <time>2026-04-21T16:29:06.434Z</time>
      </trkpt>
      <trkpt lat="47.509029" lon="11.109620">
        <ele>728.955508</ele>
        <time>2026-04-21T16:29:17.242Z</time>
      </trkpt>
      <trkpt lat="47.508657" lon="11.109361">
        <ele>728.578922</ele>
        <time>2026-04-21T16:29:59.089Z</time>
      </trkpt>
      <trkpt lat="47.508534" lon="11.109343">
        <ele>728.465695</ele>
        <time>2026-04-21T16:30:11.776Z</time>
      </trkpt>
      <trkpt lat="47.508380" lon="11.109414">
        <ele>728.317937</ele>
        <time>2026-04-21T16:30:28.322Z</time>
      </trkpt>
      <trkpt lat="47.508264" lon="11.109348">
        <ele>728.204094</ele>
        <time>2026-04-21T16:30:41.268Z</time>
      </trkpt>
      <trkpt lat="47.508163" lon="11.109216">
        <ele>727.816928</ele>
        <time>2026-04-21T16:30:55.599Z</time>
      </trkpt>
      <trkpt lat="47.508042" lon="11.109177">
        <ele>727.302762</ele>
        <time>2026-04-21T16:31:09.053Z</time>
      </trkpt>
      <trkpt lat="47.507979" lon="11.109121">
        <ele>726.997653</ele>
        <time>2026-04-21T16:31:17.154Z</time>
      </trkpt>
      <trkpt lat="47.507719" lon="11.108721">
        <ele>725.440745</ele>
        <time>2026-04-21T16:31:58.214Z</time>
      </trkpt>
      <trkpt lat="47.507583" lon="11.108251">
        <ele>724.006696</ele>
        <time>2026-04-21T16:32:36.094Z</time>
      </trkpt>
      <trkpt lat="47.507496" lon="11.108102">
        <ele>723.454316</ele>
        <time>2026-04-21T16:32:50.695Z</time>
      </trkpt>
      <trkpt lat="47.507256" lon="11.107959">
        <ele>722.380143</ele>
        <time>2026-04-21T16:33:19.261Z</time>
      </trkpt>
      <trkpt lat="47.506739" lon="11.107555">
        <ele>720.115736</ele>
        <time>2026-04-21T16:34:23.312Z</time>
      </trkpt>
      <trkpt lat="47.506401" lon="11.107370">
        <ele>718.951359</ele>
        <time>2026-04-21T16:35:01.801Z</time>
      </trkpt>
      <trkpt lat="47.506032" lon="11.107071">
        <ele>717.592148</ele>
        <time>2026-04-21T16:35:45.957Z</time>
      </trkpt>
      <trkpt lat="47.505964" lon="11.106975">
        <ele>717.288535</ele>
        <time>2026-04-21T16:35:55.732Z</time>
      </trkpt>
      <trkpt lat="47.505908" lon="11.106796">
        <ele>716.857970</ele>
        <time>2026-04-21T16:36:09.673Z</time>
      </trkpt>
      <trkpt lat="47.505772" lon="11.106638">
        <ele>716.299372</ele>
        <time>2026-04-21T16:36:27.891Z</time>
      </trkpt>
      <trkpt lat="47.505361" lon="11.106408">
        <ele>714.879657</ele>
        <time>2026-04-21T16:37:14.830Z</time>
      </trkpt>
      <trkpt lat="47.505183" lon="11.106068">
        <ele>713.897510</ele>
        <time>2026-04-21T16:37:46.163Z</time>
      </trkpt>
      <trkpt lat="47.505018" lon="11.105946">
        <ele>713.274000</ele>
        <time>2026-04-21T16:38:06.132Z</time>
      </trkpt>
      <trkpt lat="47.504982" lon="11.105844">
        <ele>713.011187</ele>
        <time>2026-04-21T16:38:14.641Z</time>
      </trkpt>
      <trkpt lat="47.504940" lon="11.105578">
        <ele>712.387353</ele>
        <time>2026-04-21T16:38:34.796Z</time>
      </trkpt>
      <trkpt lat="47.504838" lon="11.105277">
        <ele>711.618321</ele>
        <time>2026-04-21T16:38:59.677Z</time>
      </trkpt>
      <trkpt lat="47.504805" lon="11.104759">
        <ele>710.430117</ele>
        <time>2026-04-21T16:39:37.770Z</time>
      </trkpt>
      <trkpt lat="47.504711" lon="11.104601">
        <ele>709.949309</ele>
        <time>2026-04-21T16:39:52.968Z</time>
      </trkpt>
      <trkpt lat="47.504455" lon="11.104528">
        <ele>709.067962</ele>
        <time>2026-04-21T16:40:20.380Z</time>
      </trkpt>
      <trkpt lat="47.504246" lon="11.104215">
        <ele>709.095197</ele>
        <time>2026-04-21T16:40:51.076Z</time>
      </trkpt>
      <trkpt lat="47.504143" lon="11.104206">
        <ele>709.238131</ele>
        <time>2026-04-21T16:41:01.532Z</time>
      </trkpt>
      <trkpt lat="47.504049" lon="11.104302">
        <ele>709.396332</ele>
        <time>2026-04-21T16:41:13.057Z</time>
      </trkpt>
      <trkpt lat="47.504041" lon="11.104312">
        <ele>709.410837</ele>
        <time>2026-04-21T16:41:14.147Z</time>
      </trkpt>
      <trkpt lat="47.503976" lon="11.104358">
        <ele>709.510643</ele>
        <time>2026-04-21T16:41:21.346Z</time>
      </trkpt>
      <trkpt lat="47.503915" lon="11.104374">
        <ele>709.596462</ele>
        <time>2026-04-21T16:41:27.566Z</time>
      </trkpt>
      <trkpt lat="47.503771" lon="11.104537">
        <ele>709.847582</ele>
        <time>2026-04-21T16:41:45.918Z</time>
      </trkpt>
      <trkpt lat="47.503689" lon="11.104689">
        <ele>710.029619</ele>
        <time>2026-04-21T16:41:59.472Z</time>
      </trkpt>
      <trkpt lat="47.503626" lon="11.104644">
        <ele>710.126522</ele>
        <time>2026-04-21T16:42:06.783Z</time>
      </trkpt>
      <trkpt lat="47.503528" lon="11.104565">
        <ele>710.281106</ele>
        <time>2026-04-21T16:42:18.714Z</time>
      </trkpt>
      <trkpt lat="47.503492" lon="11.104630">
        <ele>710.359765</ele>
        <time>2026-04-21T16:42:24.957Z</time>
      </trkpt>
      <trkpt lat="47.503316" lon="11.104698">
        <ele>710.611744</ele>
        <time>2026-04-21T16:42:44.874Z</time>
      </trkpt>
      <trkpt lat="47.503006" lon="11.104973">
        <ele>711.112396</ele>
        <time>2026-04-21T16:43:25.422Z</time>
      </trkpt>
      <trkpt lat="47.502841" lon="11.105119">
        <ele>711.678722</ele>
        <time>2026-04-21T16:43:47.442Z</time>
      </trkpt>
      <trkpt lat="47.502787" lon="11.105215">
        <ele>712.177299</ele>
        <time>2026-04-21T16:43:57.290Z</time>
      </trkpt>
      <trkpt lat="47.502810" lon="11.105316">
        <ele>712.602686</ele>
        <time>2026-04-21T16:44:05.631Z</time>
      </trkpt>
      <trkpt lat="47.502785" lon="11.105465">
        <ele>713.215428</ele>
        <time>2026-04-21T16:44:17.828Z</time>
      </trkpt>
      <trkpt lat="47.502739" lon="11.105556">
        <ele>713.669039</ele>
        <time>2026-04-21T16:44:27.234Z</time>
      </trkpt>
      <trkpt lat="47.502517" lon="11.105789">
        <ele>715.276815</ele>
        <time>2026-04-21T16:45:01.192Z</time>
      </trkpt>
      <trkpt lat="47.502097" lon="11.106403">
        <ele>718.764249</ele>
        <time>2026-04-21T16:46:15.539Z</time>
      </trkpt>
      <trkpt lat="47.501831" lon="11.106652">
        <ele>720.623619</ele>
        <time>2026-04-21T16:46:53.753Z</time>
      </trkpt>
      <trkpt lat="47.501611" lon="11.106887">
        <ele>722.011661</ele>
        <time>2026-04-21T16:47:25.654Z</time>
      </trkpt>
      <trkpt lat="47.501404" lon="11.106995">
        <ele>722.419832</ele>
        <time>2026-04-21T16:47:51.104Z</time>
      </trkpt>
      <trkpt lat="47.501266" lon="11.107067">
        <ele>722.691946</ele>
        <time>2026-04-21T16:48:07.885Z</time>
      </trkpt>
      <trkpt lat="47.501174" lon="11.107169">
        <ele>722.905709</ele>
        <time>2026-04-21T16:48:20.822Z</time>
      </trkpt>
      <trkpt lat="47.501011" lon="11.107190">
        <ele>723.209986</ele>
        <time>2026-04-21T16:48:38.840Z</time>
      </trkpt>
      <trkpt lat="47.500921" lon="11.107255">
        <ele>723.396219</ele>
        <time>2026-04-21T16:48:49.519Z</time>
      </trkpt>
      <trkpt lat="47.500829" lon="11.107371">
        <ele>723.620969</ele>
        <time>2026-04-21T16:49:02.110Z</time>
      </trkpt>
      <trkpt lat="47.500756" lon="11.107421">
        <ele>723.770556</ele>
        <time>2026-04-21T16:49:10.447Z</time>
      </trkpt>
      <trkpt lat="47.500594" lon="11.107462">
        <ele>724.076200</ele>
        <time>2026-04-21T16:49:26.916Z</time>
      </trkpt>
      <trkpt lat="47.500499" lon="11.107535">
        <ele>724.275259</ele>
        <time>2026-04-21T16:49:37.898Z</time>
      </trkpt>
      <trkpt lat="47.500354" lon="11.107779">
        <ele>724.683538</ele>
        <time>2026-04-21T16:50:00.262Z</time>
      </trkpt>
      <trkpt lat="47.500270" lon="11.108129">
        <ele>725.150197</ele>
        <time>2026-04-21T16:50:25.646Z</time>
      </trkpt>
      <trkpt lat="47.500228" lon="11.108211">
        <ele>725.264655</ele>
        <time>2026-04-21T16:50:32.603Z</time>
      </trkpt>
      <trkpt lat="47.499835" lon="11.108437">
        <ele>725.509314</ele>
        <time>2026-04-21T16:51:15.428Z</time>
      </trkpt>
      <trkpt lat="47.499631" lon="11.108615">
        <ele>725.646730</ele>
        <time>2026-04-21T16:51:39.310Z</time>
      </trkpt>
      <trkpt lat="47.498371" lon="11.109704">
        <ele>726.159303</ele>
        <time>2026-04-21T16:54:11.191Z</time>
      </trkpt>
      <trkpt lat="47.498323" lon="11.109773">
        <ele>726.130477</ele>
        <time>2026-04-21T16:54:18.080Z</time>
      </trkpt>
      <trkpt lat="47.498258" lon="11.109827">
        <ele>726.098365</ele>
        <time>2026-04-21T16:54:25.816Z</time>
      </trkpt>
      <trkpt lat="47.498242" lon="11.109990">
        <ele>726.050425</ele>
        <time>2026-04-21T16:54:37.374Z</time>
      </trkpt>
      <trkpt lat="47.498216" lon="11.110208">
        <ele>725.985994</ele>
        <time>2026-04-21T16:54:53.108Z</time>
      </trkpt>
      <trkpt lat="47.498211" lon="11.110264">
        <ele>725.969553</ele>
        <time>2026-04-21T16:54:57.261Z</time>
      </trkpt>
      <trkpt lat="47.498194" lon="11.110293">
        <ele>725.958378</ele>
        <time>2026-04-21T16:55:00.080Z</time>
      </trkpt>
      <trkpt lat="47.498046" lon="11.110534">
        <ele>725.863586</ele>
        <time>2026-04-21T16:55:22.511Z</time>
      </trkpt>
      <trkpt lat="47.497985" lon="11.110640">
        <ele>725.823059</ele>
        <time>2026-04-21T16:55:32.156Z</time>
      </trkpt>
      <trkpt lat="47.497928" lon="11.110738">
        <ele>725.785422</ele>
        <time>2026-04-21T16:55:41.218Z</time>
      </trkpt>
      <trkpt lat="47.497926" lon="11.110741">
        <ele>725.784195</ele>
        <time>2026-04-21T16:55:41.550Z</time>
      </trkpt>
      <trkpt lat="47.497907" lon="11.110778">
        <ele>725.770669</ele>
        <time>2026-04-21T16:55:44.787Z</time>
      </trkpt>
      <trkpt lat="47.497887" lon="11.110818">
        <ele>725.756185</ele>
        <time>2026-04-21T16:55:48.160Z</time>
      </trkpt>
      <trkpt lat="47.497884" lon="11.110823">
        <ele>725.754238</ele>
        <time>2026-04-21T16:55:48.613Z</time>
      </trkpt>
      <trkpt lat="47.497836" lon="11.110927">
        <ele>725.717579</ele>
        <time>2026-04-21T16:55:57.371Z</time>
      </trkpt>
      <trkpt lat="47.497710" lon="11.111156">
        <ele>725.631620</ele>
        <time>2026-04-21T16:56:17.588Z</time>
      </trkpt>
      <trkpt lat="47.497598" lon="11.111248">
        <ele>725.576438</ele>
        <time>2026-04-21T16:56:31.067Z</time>
      </trkpt>
      <trkpt lat="47.497513" lon="11.111308">
        <ele>725.535869</ele>
        <time>2026-04-21T16:56:40.482Z</time>
      </trkpt>
      <trkpt lat="47.497435" lon="11.111421">
        <ele>725.410009</ele>
        <time>2026-04-21T16:56:51.453Z</time>
      </trkpt>
      <trkpt lat="47.497287" lon="11.112015">
        <ele>724.842920</ele>
        <time>2026-04-21T16:57:35.578Z</time>
      </trkpt>
      <trkpt lat="47.497205" lon="11.112173">
        <ele>724.664460</ele>
        <time>2026-04-21T16:57:50.090Z</time>
      </trkpt>
      <trkpt lat="47.497012" lon="11.112547">
        <ele>724.242916</ele>
        <time>2026-04-21T16:58:22.989Z</time>
      </trkpt>
      <trkpt lat="47.496683" lon="11.112939">
        <ele>723.682966</ele>
        <time>2026-04-21T16:59:05.287Z</time>
      </trkpt>
      <trkpt lat="47.496637" lon="11.112940">
        <ele>723.621973</ele>
        <time>2026-04-21T16:59:09.980Z</time>
      </trkpt>
      <trkpt lat="47.496570" lon="11.112865">
        <ele>723.510603</ele>
        <time>2026-04-21T16:59:18.684Z</time>
      </trkpt>
      <trkpt lat="47.496413" lon="11.112711">
        <ele>723.260895</ele>
        <time>2026-04-21T16:59:38.231Z</time>
      </trkpt>
      <trkpt lat="47.496101" lon="11.112415">
        <ele>722.482685</ele>
        <time>2026-04-21T17:00:17.237Z</time>
      </trkpt>
      <trkpt lat="47.495998" lon="11.112317">
        <ele>722.195366</ele>
        <time>2026-04-21T17:00:30.327Z</time>
      </trkpt>
      <trkpt lat="47.495821" lon="11.112192">
        <ele>721.735181</ele>
        <time>2026-04-21T17:00:51.594Z</time>
      </trkpt>
      <trkpt lat="47.495630" lon="11.112065">
        <ele>721.243852</ele>
        <time>2026-04-21T17:01:14.228Z</time>
      </trkpt>
      <trkpt lat="47.495405" lon="11.111959">
        <ele>720.689792</ele>
        <time>2026-04-21T17:01:39.068Z</time>
      </trkpt>
      <trkpt lat="47.495211" lon="11.112103">
        <ele>720.180533</ele>
        <time>2026-04-21T17:02:01.595Z</time>
      </trkpt>
      <trkpt lat="47.495139" lon="11.111985">
        <ele>719.928459</ele>
        <time>2026-04-21T17:02:12.756Z</time>
      </trkpt>
      <trkpt lat="47.495044" lon="11.111802">
        <ele>719.562580</ele>
        <time>2026-04-21T17:02:28.919Z</time>
      </trkpt>
      <trkpt lat="47.494914" lon="11.111567">
        <ele>719.081060</ele>
        <time>2026-04-21T17:02:50.149Z</time>
      </trkpt>
      <trkpt lat="47.494723" lon="11.111191">
        <ele>718.639450</ele>
        <time>2026-04-21T17:03:22.951Z</time>
      </trkpt>
      <trkpt lat="47.494678" lon="11.110951">
        <ele>718.449394</ele>
        <time>2026-04-21T17:03:40.412Z</time>
      </trkpt>
      <trkpt lat="47.494598" lon="11.110642">
        <ele>718.196890</ele>
        <time>2026-04-21T17:04:03.520Z</time>
      </trkpt>
      <trkpt lat="47.494495" lon="11.110292">
        <ele>717.905584</ele>
        <time>2026-04-21T17:04:30.086Z</time>
      </trkpt>
      <trkpt lat="47.494483" lon="11.110159">
        <ele>717.803195</ele>
        <time>2026-04-21T17:04:39.397Z</time>
      </trkpt>
      <trkpt lat="47.494176" lon="11.110580">
        <ele>717.330529</ele>
        <time>2026-04-21T17:05:21.916Z</time>
      </trkpt>
      <trkpt lat="47.494067" lon="11.110729">
        <ele>717.162956</ele>
        <time>2026-04-21T17:05:37.027Z</time>
      </trkpt>
      <trkpt lat="47.493783" lon="11.111118">
        <ele>717.002919</ele>
        <time>2026-04-21T17:06:16.380Z</time>
      </trkpt>
      <trkpt lat="47.493747" lon="11.111163">
        <ele>717.039334</ele>
        <time>2026-04-21T17:06:21.142Z</time>
      </trkpt>
      <trkpt lat="47.493617" lon="11.111351">
        <ele>717.179796</ele>
        <time>2026-04-21T17:06:39.404Z</time>
      </trkpt>
      <trkpt lat="47.493460" lon="11.111555">
        <ele>717.341251</ele>
        <time>2026-04-21T17:07:00.350Z</time>
      </trkpt>
      <trkpt lat="47.493440" lon="11.111581">
        <ele>717.361822</ele>
        <time>2026-04-21T17:07:03.020Z</time>
      </trkpt>
      <trkpt lat="47.493364" lon="11.111680">
        <ele>717.440064</ele>
        <time>2026-04-21T17:07:13.376Z</time>
      </trkpt>
      <trkpt lat="47.493298" lon="11.111776">
        <ele>717.511578</ele>
        <time>2026-04-21T17:07:22.769Z</time>
      </trkpt>
      <trkpt lat="47.493165" lon="11.111973">
        <ele>717.656994</ele>
        <time>2026-04-21T17:07:42.119Z</time>
      </trkpt>
      <trkpt lat="47.493142" lon="11.112001">
        <ele>717.680009</ele>
        <time>2026-04-21T17:07:45.321Z</time>
      </trkpt>
      <trkpt lat="47.492987" lon="11.112187">
        <ele>717.834220</ele>
        <time>2026-04-21T17:08:06.102Z</time>
      </trkpt>
      <trkpt lat="47.492934" lon="11.112254">
        <ele>717.888086</ele>
        <time>2026-04-21T17:08:13.495Z</time>
      </trkpt>
      <trkpt lat="47.492801" lon="11.112404">
        <ele>718.017310</ele>
        <time>2026-04-21T17:08:31.272Z</time>
      </trkpt>
      <trkpt lat="47.492732" lon="11.112483">
        <ele>718.084727</ele>
        <time>2026-04-21T17:08:40.732Z</time>
      </trkpt>
      <trkpt lat="47.492638" lon="11.112597">
        <ele>718.178645</ele>
        <time>2026-04-21T17:08:53.875Z</time>
      </trkpt>
      <trkpt lat="47.492538" lon="11.112793">
        <ele>718.285680</ele>
        <time>2026-04-21T17:09:11.650Z</time>
      </trkpt>
      <trkpt lat="47.492411" lon="11.112967">
        <ele>718.312425</ele>
        <time>2026-04-21T17:09:30.191Z</time>
      </trkpt>
      <trkpt lat="47.492099" lon="11.113360">
        <ele>718.375739</ele>
        <time>2026-04-21T17:10:13.479Z</time>
      </trkpt>
      <trkpt lat="47.491887" lon="11.113547">
        <ele>718.413878</ele>
        <time>2026-04-21T17:10:39.137Z</time>
      </trkpt>
      <trkpt lat="47.491828" lon="11.113580">
        <ele>718.423625</ele>
        <time>2026-04-21T17:10:45.585Z</time>
      </trkpt>
      <trkpt lat="47.491631" lon="11.113597">
        <ele>718.454121</ele>
        <time>2026-04-21T17:11:05.618Z</time>
      </trkpt>
      <trkpt lat="47.491344" lon="11.113565">
        <ele>718.498598</ele>
        <time>2026-04-21T17:11:34.820Z</time>
      </trkpt>
      <trkpt lat="47.491267" lon="11.113523">
        <ele>718.511280</ele>
        <time>2026-04-21T17:11:43.286Z</time>
      </trkpt>
      <trkpt lat="47.491062" lon="11.113477">
        <ele>718.543322</ele>
        <time>2026-04-21T17:12:04.726Z</time>
      </trkpt>
      <trkpt lat="47.490874" lon="11.113460">
        <ele>718.445439</ele>
        <time>2026-04-21T17:12:24.546Z</time>
      </trkpt>
      <trkpt lat="47.490808" lon="11.113459">
        <ele>718.363742</ele>
        <time>2026-04-21T17:12:31.562Z</time>
      </trkpt>
      <trkpt lat="47.490510" lon="11.113456">
        <ele>717.994881</ele>
        <time>2026-04-21T17:13:03.303Z</time>
      </trkpt>
      <trkpt lat="47.490309" lon="11.113465">
        <ele>717.745977</ele>
        <time>2026-04-21T17:13:24.555Z</time>
      </trkpt>
      <trkpt lat="47.490057" lon="11.113494">
        <ele>717.433120</ele>
        <time>2026-04-21T17:13:50.749Z</time>
      </trkpt>
      <trkpt lat="47.489964" lon="11.113490">
        <ele>717.317959</ele>
        <time>2026-04-21T17:14:00.303Z</time>
      </trkpt>
      <trkpt lat="47.489930" lon="11.113485">
        <ele>717.275668</ele>
        <time>2026-04-21T17:14:03.856Z</time>
      </trkpt>
      <trkpt lat="47.489830" lon="11.113449">
        <ele>717.148282</ele>
        <time>2026-04-21T17:14:14.355Z</time>
      </trkpt>
      <trkpt lat="47.489703" lon="11.113223">
        <ele>716.902437</ele>
        <time>2026-04-21T17:14:34.522Z</time>
      </trkpt>
      <trkpt lat="47.489621" lon="11.113333">
        <ele>716.765448</ele>
        <time>2026-04-21T17:14:45.608Z</time>
      </trkpt>
      <trkpt lat="47.489398" lon="11.113580">
        <ele>716.420679</ele>
        <time>2026-04-21T17:15:13.551Z</time>
      </trkpt>
      <trkpt lat="47.489337" lon="11.113647">
        <ele>716.338345</ele>
        <time>2026-04-21T17:15:21.224Z</time>
      </trkpt>
      <trkpt lat="47.489220" lon="11.113765">
        <ele>716.543224</ele>
        <time>2026-04-21T17:15:35.581Z</time>
      </trkpt>
      <trkpt lat="47.488969" lon="11.114050">
        <ele>717.001015</ele>
        <time>2026-04-21T17:16:08.088Z</time>
      </trkpt>
      <trkpt lat="47.488872" lon="11.114154">
        <ele>717.174342</ele>
        <time>2026-04-21T17:16:20.616Z</time>
      </trkpt>
      <trkpt lat="47.488832" lon="11.114123">
        <ele>717.239680</ele>
        <time>2026-04-21T17:16:25.329Z</time>
      </trkpt>
      <trkpt lat="47.488709" lon="11.114028">
        <ele>717.440445</ele>
        <time>2026-04-21T17:16:39.806Z</time>
      </trkpt>
      <trkpt lat="47.488318" lon="11.114355">
        <ele>718.090327</ele>
        <time>2026-04-21T17:17:27.715Z</time>
      </trkpt>
      <trkpt lat="47.488155" lon="11.114452">
        <ele>718.344548</ele>
        <time>2026-04-21T17:17:46.664Z</time>
      </trkpt>
      <trkpt lat="47.487657" lon="11.114936">
        <ele>719.368106</ele>
        <time>2026-04-21T17:18:51.046Z</time>
      </trkpt>
      <trkpt lat="47.486511" lon="11.115578">
        <ele>722.193730</ele>
        <time>2026-04-21T17:21:04.016Z</time>
      </trkpt>
      <trkpt lat="47.486020" lon="11.115920">
        <ele>723.341103</ele>
        <time>2026-04-21T17:22:02.604Z</time>
      </trkpt>
      <trkpt lat="47.485713" lon="11.116231">
        <ele>723.953118</ele>
        <time>2026-04-21T17:22:42.369Z</time>
      </trkpt>
      <trkpt lat="47.485562" lon="11.116275">
        <ele>724.206283</ele>
        <time>2026-04-21T17:22:58.775Z</time>
      </trkpt>
      <trkpt lat="47.485196" lon="11.116389">
        <ele>724.821545</ele>
        <time>2026-04-21T17:23:38.353Z</time>
      </trkpt>
      <trkpt lat="47.484330" lon="11.116732">
        <ele>726.041033</ele>
        <time>2026-04-21T17:25:12.638Z</time>
      </trkpt>
      <trkpt lat="47.484278" lon="11.116775">
        <ele>726.041033</ele>
        <time>2026-04-21T17:25:18.804Z</time>
      </trkpt>
      <trkpt lat="47.484115" lon="11.116774">
        <ele>726.041033</ele>
        <time>2026-04-21T17:25:35.529Z</time>
      </trkpt>
      <trkpt lat="47.483942" lon="11.117018">
        <ele>726.041033</ele>
        <time>2026-04-21T17:26:00.035Z</time>
      </trkpt>
      <trkpt lat="47.483803" lon="11.117184">
        <ele>726.041033</ele>
        <time>2026-04-21T17:26:18.337Z</time>
      </trkpt>
      <trkpt lat="47.483396" lon="11.117954">
        <ele>726.041033</ele>
        <time>2026-04-21T17:27:25.530Z</time>
      </trkpt>
      <trkpt lat="47.483093" lon="11.117492">
        <ele>726.041033</ele>
        <time>2026-04-21T17:28:09.339Z</time>
      </trkpt>
      <trkpt lat="47.482840" lon="11.117164">
        <ele>726.041033</ele>
        <time>2026-04-21T17:28:43.102Z</time>
      </trkpt>
    </trkseg>
  </trk>
</gpx>